-- --------------------------------------------------------
-- Host:                         127.0.0.1
-- Server version:               8.0.28 - MySQL Community Server - GPL
-- Server OS:                    Linux
-- HeidiSQL Version:             12.0.0.6468
-- --------------------------------------------------------

/*!40101 SET @OLD_CHARACTER_SET_CLIENT=@@CHARACTER_SET_CLIENT */;
/*!40101 SET NAMES utf8 */;
/*!50503 SET NAMES utf8mb4 */;
/*!40103 SET @OLD_TIME_ZONE=@@TIME_ZONE */;
/*!40103 SET TIME_ZONE='+00:00' */;
/*!40014 SET @OLD_FOREIGN_KEY_CHECKS=@@FOREIGN_KEY_CHECKS, FOREIGN_KEY_CHECKS=0 */;
/*!40101 SET @OLD_SQL_MODE=@@SQL_MODE, SQL_MODE='NO_AUTO_VALUE_ON_ZERO' */;
/*!40111 SET @OLD_SQL_NOTES=@@SQL_NOTES, SQL_NOTES=0 */;


-- Dumping database structure for quality_web
CREATE DATABASE IF NOT EXISTS `quality_web` /*!40100 DEFAULT CHARACTER SET utf8mb4 COLLATE utf8mb4_0900_ai_ci */ /*!80016 DEFAULT ENCRYPTION='N' */;
USE `quality_web`;

-- Dumping structure for table quality_web.bom
CREATE TABLE IF NOT EXISTS `bom` (
  `product_id` int DEFAULT NULL,
  `part_type` int DEFAULT NULL,
  `part_name` text CHARACTER SET utf8mb4 COLLATE utf8mb4_0900_ai_ci
) ENGINE=InnoDB DEFAULT CHARSET=utf8mb4 COLLATE=utf8mb4_0900_ai_ci;

-- Dumping data for table quality_web.bom: ~754 rows (approximately)
DELETE FROM `bom`;
INSERT INTO `bom` (`product_id`, `part_type`, `part_name`) VALUES
	(1, 1, '51006710ED / EEE11471'),
	(1, 2, '3586222QB / EEE11465 - M'),
	(1, 3, '3599440AB / EEE11469 - 50mm2'),
	(1, 4, '51006191AJ'),
	(1, 5, '51006192CE'),
	(1, 6, '3580275CC / EEE11462'),
	(1, 8, '51006015AK'),
	(1, 9, '51006643AB'),
	(1, 10, '51137515AF - 50mm2'),
	(1, 11, '51006321AC - 50mm2'),
	(1, 12, '51006682AG'),
	(1, 13, '51006195AF'),
	(1, 17, '51006012AD'),
	(2, 1, '51006710AH / EEE11470'),
	(2, 2, '3586222EB / EEE11481 - R'),
	(2, 3, '3599440AB / EEE11469 - 50mm2'),
	(2, 4, '51006191AJ'),
	(2, 5, '51006192KA'),
	(2, 6, '3580275CC / EEE11462'),
	(2, 8, '51006015AK'),
	(2, 9, '51006643AB'),
	(2, 10, '51137515AF - 50mm2'),
	(2, 11, '51006321AC - 50mm2'),
	(2, 12, '51006682AG'),
	(2, 13, '51006195AF'),
	(2, 17, '51006012AD'),
	(3, 1, '51006710AH / EEE11470'),
	(3, 2, '3586222EB / EEE11481 - R'),
	(3, 3, '3599440AB / EEE11469 - 50mm2'),
	(3, 4, '51006191AJ'),
	(3, 5, '51006192HA'),
	(3, 6, '3580275CC / EEE11462'),
	(3, 8, '51006015AK'),
	(3, 9, '51006643AB'),
	(3, 10, '51137515AF - 50mm2'),
	(3, 11, '51006321AC - 50mm2'),
	(3, 12, '51006682AG'),
	(3, 13, '51006195AF'),
	(3, 17, '51006012AD'),
	(4, 1, '51006710AH / EEE11470'),
	(4, 2, '3586222EB / EEE11481 - R'),
	(4, 3, '3599440AB / EEE11469 - 50mm2'),
	(4, 4, '51006191AJ'),
	(4, 5, '51006192DE'),
	(4, 6, '3580275CC / EEE11462'),
	(4, 8, '51006015AK'),
	(4, 9, '51006643AB'),
	(4, 10, '51137515AF - 50mm2'),
	(4, 11, '51006321AC - 50mm2'),
	(4, 12, '51006682AG'),
	(4, 13, '51006195AF'),
	(4, 17, '51006012AD'),
	(5, 1, '3587079AA / EEE11466'),
	(5, 2, '3586222CB / EEE11486 - F'),
	(5, 3, '3599440BB / EEE11488 - 70mm2'),
	(5, 4, '51006191AJ'),
	(5, 5, '51006192AD'),
	(5, 6, '3580275CC / EEE11462'),
	(5, 8, '51006015AK'),
	(5, 9, '51006643AB'),
	(5, 10, '51137515CC - 70mm2'),
	(5, 11, '51137120AB - 70mm2'),
	(5, 12, '51006682AG'),
	(5, 13, '51006195AF'),
	(5, 17, '51006012AD'),
	(6, 1, '3587079AA / EEE11466'),
	(6, 2, '3586222CB / EEE11486 - F'),
	(6, 3, '3599440BB / EEE11488 - 70mm2'),
	(6, 4, '51006191AJ'),
	(6, 5, '51006192CE'),
	(6, 6, '3580275CC / EEE11462'),
	(6, 8, '51006015AK'),
	(6, 9, '51006643AB'),
	(6, 10, '51137515CC - 70mm2'),
	(6, 11, '51137120AB - 70mm2'),
	(6, 12, '51006682AG'),
	(6, 13, '51006195AF'),
	(6, 17, '51006012AD'),
	(7, 1, '3587079AA / EEE11466'),
	(7, 2, '3586222CB / EEE11486 - F'),
	(7, 3, '3599440BB / EEE11488 - 70mm2'),
	(7, 4, '51006191AJ'),
	(7, 5, '51006192HA'),
	(7, 6, '3580275CC / EEE11462'),
	(7, 8, '51006015AK'),
	(7, 9, '51006643AB'),
	(7, 10, '51137515CC - 70mm2'),
	(7, 11, '51137120AB - 70mm2'),
	(7, 12, '51006682AG'),
	(7, 13, '51006195AF'),
	(7, 17, '51006012AD'),
	(8, 1, '51006710ED / EEE11471'),
	(8, 2, '3586222QB / EEE11465 - M'),
	(8, 3, '3599440AB / EEE11469 - 50mm2'),
	(8, 4, '51006191AJ'),
	(8, 5, '51006192CE'),
	(8, 6, '3580275AC / EEE11460'),
	(8, 7, '3580275BG / EEE11461'),
	(8, 8, '51006015AK'),
	(8, 9, '51006643BB'),
	(8, 10, '51137515AF - 50mm2'),
	(8, 11, '51006321AC - 50mm2'),
	(8, 12, '51006682BG'),
	(8, 13, '51006195AF'),
	(8, 14, '51006352AL'),
	(8, 15, '51006102AE'),
	(8, 16, '51006683AD'),
	(8, 17, '51006012AD'),
	(9, 1, '51006710AH / EEE11470'),
	(9, 2, '3586222EB / EEE11481 - R'),
	(9, 3, '3599440AB / EEE11469 - 50mm2'),
	(9, 4, '51006191AJ'),
	(9, 5, '51006192KA'),
	(9, 6, '3580275AC / EEE11460'),
	(9, 7, '3580275BG / EEE11461'),
	(9, 8, '51006015AK'),
	(9, 9, '51006643BB'),
	(9, 10, '51137515AF - 50mm2'),
	(9, 11, '51006321AC - 50mm2'),
	(9, 12, '51006682BG'),
	(9, 13, '51006195AF'),
	(9, 14, '51006352AL'),
	(9, 15, '51006102AE'),
	(9, 16, '51006683AD'),
	(9, 17, '51006012AD'),
	(10, 1, '51006710AH / EEE11470'),
	(10, 2, '3586222EB / EEE11481 - R'),
	(10, 3, '3599440AB / EEE11469 - 50mm2'),
	(10, 4, '51006191AJ'),
	(10, 5, '51006192HA'),
	(10, 6, '3580275AC / EEE11460'),
	(10, 7, '3580275BG / EEE11461'),
	(10, 8, '51006015AK'),
	(10, 9, '51006643BB'),
	(10, 10, '51137515AF - 50mm2'),
	(10, 11, '51006321AC - 50mm2'),
	(10, 12, '51006682BG'),
	(10, 13, '51006195AF'),
	(10, 14, '51006352AL'),
	(10, 15, '51006102AE'),
	(10, 16, '51006683AD'),
	(10, 17, '51006012AD'),
	(11, 1, '51006710AH / EEE11470'),
	(11, 2, '3586222EB / EEE11481 - R'),
	(11, 3, '3599440AB / EEE11469 - 50mm2'),
	(11, 4, '51006191AJ'),
	(11, 5, '51006192DE'),
	(11, 6, '3580275AC / EEE11460'),
	(11, 7, '3580275BG / EEE11461'),
	(11, 8, '51006015AK'),
	(11, 9, '51006643BB'),
	(11, 10, '51137515AF - 50mm2'),
	(11, 11, '51006321AC - 50mm2'),
	(11, 12, '51006682BG'),
	(11, 13, '51006195AF'),
	(11, 14, '51006352AL'),
	(11, 15, '51006102AE'),
	(11, 16, '51006683AD'),
	(11, 17, '51006012AD'),
	(12, 1, '3587079AA / EEE11466'),
	(12, 2, '3586222SB / EEE11482-Inter'),
	(12, 3, '3599440AB / EEE11469 - 50mm2'),
	(12, 4, '51006191AJ'),
	(12, 5, '51006192HA'),
	(12, 6, '3580275AC / EEE11460'),
	(12, 7, '3580275BG / EEE11461'),
	(12, 8, '51006015AK'),
	(12, 9, '51006643BB'),
	(12, 10, '51137515AF - 50mm2'),
	(12, 11, '3532269AF - 63mm2'),
	(12, 12, '51006682BG'),
	(12, 13, '51006195AF'),
	(12, 14, '51006352AL'),
	(12, 15, '51006102AE'),
	(12, 16, '51006683AD'),
	(12, 17, '51006012AD'),
	(13, 1, '3587079AA / EEE11466'),
	(13, 2, '3586222CB / EEE11486 - F'),
	(13, 3, '3599440BB / EEE11488 - 70mm2'),
	(13, 4, '51006191AJ'),
	(13, 5, '51006192AD'),
	(13, 6, '3580275AC / EEE11460'),
	(13, 7, '3580275BG / EEE11461'),
	(13, 8, '51006015AK'),
	(13, 9, '51006643BB'),
	(13, 10, '51137515CC - 70mm2'),
	(13, 11, '51137120AB - 70mm2'),
	(13, 12, '51006682BG'),
	(13, 13, '51006195AF'),
	(13, 14, '51006352AL'),
	(13, 15, '51006102AE'),
	(13, 16, '51006683AD'),
	(13, 17, '51006012AD'),
	(14, 1, '3587079AA / EEE11466'),
	(14, 2, '3586222CB / EEE11486 - F'),
	(14, 3, '3599440BB / EEE11488 - 70mm2'),
	(14, 4, '51006191AJ'),
	(14, 5, '51006192CE'),
	(14, 6, '3580275AC / EEE11460'),
	(14, 7, '3580275BG / EEE11461'),
	(14, 8, '51006015AK'),
	(14, 9, '51006643BB'),
	(14, 10, '51137515CC - 70mm2'),
	(14, 11, '51137120AB - 70mm2'),
	(14, 12, '51006682BG'),
	(14, 13, '51006195AF'),
	(14, 14, '51006352AL'),
	(14, 15, '51006102AE'),
	(14, 16, '51006683AD'),
	(14, 17, '51006012AD'),
	(15, 1, '3587079AA / EEE11466'),
	(15, 2, '3586222CB / EEE11486 - F'),
	(15, 3, '3599440BB / EEE11488 - 70mm2'),
	(15, 4, '51006191AJ'),
	(15, 5, '51006192HA'),
	(15, 6, '3580275AC / EEE11460'),
	(15, 7, '3580275BG / EEE11461'),
	(15, 8, '51006015AK'),
	(15, 9, '51006643BB'),
	(15, 10, '51137515CC - 70mm2'),
	(15, 11, '51137120AB - 70mm2'),
	(15, 12, '51006682BG'),
	(15, 13, '51006195AF'),
	(15, 14, '51006352AL'),
	(15, 15, '51006102AE'),
	(15, 16, '51006683AD'),
	(15, 17, '51006012AD'),
	(16, 1, '3587079AA / EEE11466'),
	(16, 2, '3586222SB / EEE11482-Inter'),
	(16, 3, '3599440BB / EEE11488 - 70mm2'),
	(16, 4, '51006191AJ'),
	(16, 5, '51006192HA'),
	(16, 6, '3580275AC / EEE11460'),
	(16, 7, '3580275BG / EEE11461'),
	(16, 8, '51006015AK'),
	(16, 9, '51006643BB'),
	(16, 10, '51137515CC - 70mm2'),
	(16, 11, '51137120AB - 70mm2'),
	(16, 12, '51006682BG'),
	(16, 13, '51006195AF'),
	(16, 14, '51006352AL'),
	(16, 15, '51006102AE'),
	(16, 16, '51006683AD'),
	(16, 17, '51006012AD'),
	(17, 1, '51006710AH / EEE11470'),
	(17, 2, '3586222FB / EEE11464 - F'),
	(17, 3, '3599412AB / EEE11467'),
	(17, 4, '51006191AJ'),
	(17, 5, '51006192KA'),
	(17, 6, '3580275AC / EEE11460'),
	(17, 7, '3580275BG / EEE11461'),
	(17, 8, '51006015AK'),
	(17, 9, '51006203AB'),
	(17, 10, '51137518AC'),
	(17, 12, '51006196AE'),
	(17, 13, '51006195AF'),
	(17, 14, '51006841AK'),
	(17, 15, '51006102AE'),
	(17, 17, '51006012AD'),
	(18, 1, '51006710AH / EEE11470'),
	(18, 2, '3586222FB / EEE11464 - F'),
	(18, 3, '3599412AB / EEE11467'),
	(18, 4, '51006191AJ'),
	(18, 5, '51006192HA'),
	(18, 6, '3580275AC / EEE11460'),
	(18, 7, '3580275BG / EEE11461'),
	(18, 8, '51006015AK'),
	(18, 9, '51006203AB'),
	(18, 10, '51137518AC'),
	(18, 12, '51006196AE'),
	(18, 13, '51006195AF'),
	(18, 14, '51006841AK'),
	(18, 15, '51006102AE'),
	(18, 17, '51006012AD'),
	(19, 1, '51006710AH / EEE11470'),
	(19, 2, '3586222FB / EEE11464 - F'),
	(19, 3, '3599412AB / EEE11467'),
	(19, 4, '51006191AJ'),
	(19, 5, '51006192DE'),
	(19, 6, '3580275AC / EEE11460'),
	(19, 7, '3580275BG / EEE11461'),
	(19, 8, '51006015AK'),
	(19, 9, '51006203AB'),
	(19, 10, '51137518AC'),
	(19, 12, '51006196AE'),
	(19, 13, '51006195AF'),
	(19, 14, '51006841AK'),
	(19, 15, '51006102AE'),
	(19, 17, '51006012AD'),
	(20, 1, '3587079AA / EEE11466'),
	(20, 2, '3586222SB / EEE11482-Inter'),
	(20, 3, '3599412AB / EEE11467'),
	(20, 4, '51006191AJ'),
	(20, 5, '51006192HA'),
	(20, 6, '3580275AC / EEE11460'),
	(20, 7, '3580275BG / EEE11461'),
	(20, 8, '51006015AK'),
	(20, 9, '51006203AB'),
	(20, 10, '51137518AC'),
	(20, 12, '51006196AE'),
	(20, 13, '51006195AF'),
	(20, 14, '51006841AK'),
	(20, 15, '51006102AE'),
	(20, 17, '51006012AD'),
	(21, 1, '3587079AA / EEE11466'),
	(21, 2, '3586222DB / EEE11463 - A'),
	(21, 3, '3599412AB / EEE11467'),
	(21, 4, '51006191AJ'),
	(21, 5, '51006192AD'),
	(21, 6, '3580275AC / EEE11460'),
	(21, 7, '3580275BG / EEE11461'),
	(21, 8, '51006015AK'),
	(21, 9, '51006203AB'),
	(21, 10, '51137518AC'),
	(21, 12, '51006196AE'),
	(21, 13, '51006195AF'),
	(21, 14, '51006841AK'),
	(21, 15, '51006102AE'),
	(21, 17, '51006012AD'),
	(22, 1, '3587079AA / EEE11466'),
	(22, 2, '3586222DB / EEE11463 - A'),
	(22, 3, '3599412AB / EEE11467'),
	(22, 4, '51006191AJ'),
	(22, 5, '51006192CE'),
	(22, 6, '3580275AC / EEE11460'),
	(22, 7, '3580275BG / EEE11461'),
	(22, 8, '51006015AK'),
	(22, 9, '51006203AB'),
	(22, 10, '51137518AC'),
	(22, 12, '51006196AE'),
	(22, 13, '51006195AF'),
	(22, 14, '51006841AK'),
	(22, 15, '51006102AE'),
	(22, 17, '51006012AD'),
	(23, 1, '3587079AA / EEE11466'),
	(23, 2, '3586222DB / EEE11463 - A'),
	(23, 3, '3599412AB / EEE11467'),
	(23, 4, '51006191AJ'),
	(23, 5, '51006192HA'),
	(23, 6, '3580275AC / EEE11460'),
	(23, 7, '3580275BG / EEE11461'),
	(23, 8, '51006015AK'),
	(23, 9, '51006203AB'),
	(23, 10, '51137518AC'),
	(23, 12, '51006196AE'),
	(23, 13, '51006195AF'),
	(23, 14, '51006841AK'),
	(23, 15, '51006102AE'),
	(23, 17, '51006012AD'),
	(24, 1, '3587079AA / EEE11466'),
	(24, 2, '3586222SB / EEE11482-Inter'),
	(24, 3, '3599412AB / EEE11467'),
	(24, 4, '51006191AJ'),
	(24, 5, '51006192DE'),
	(24, 6, '3580275AC / EEE11460'),
	(24, 7, '3580275BG / EEE11461'),
	(24, 8, '51006015AK'),
	(24, 9, '51006203AB'),
	(24, 10, '51137518AC'),
	(24, 12, '51006196AE'),
	(24, 13, '51006195AF'),
	(24, 14, '51006841AK'),
	(24, 15, '51006102AE'),
	(24, 17, '51006012AD'),
	(25, 1, '3587079AA / EEE11466'),
	(25, 2, '3586222BB / EEE11487 - E'),
	(25, 3, '3599412AB / EEE11467'),
	(25, 4, '51006191AJ'),
	(25, 5, '51006192KA'),
	(25, 6, '3580275AC / EEE11460'),
	(25, 7, '3580275BG / EEE11461'),
	(25, 8, '51006015AK'),
	(25, 9, '51006203AB'),
	(25, 10, '51137518AC'),
	(25, 12, '51006196AE'),
	(25, 13, '51006195AF'),
	(25, 14, '51006841AK'),
	(25, 15, '51006102AE'),
	(25, 17, '51006012AD'),
	(26, 1, '3587079AA / EEE11466'),
	(26, 2, '3586222BB / EEE11487 - E'),
	(26, 3, '3599412AB / EEE11467'),
	(26, 4, '51006191AJ'),
	(26, 5, '51006192HA'),
	(26, 6, '3580275AC / EEE11460'),
	(26, 7, '3580275BG / EEE11461'),
	(26, 8, '51006015AK'),
	(26, 9, '51006203AB'),
	(26, 10, '51137518AC'),
	(26, 12, '51006196AE'),
	(26, 13, '51006195AF'),
	(26, 14, '51006841AK'),
	(26, 15, '51006102AE'),
	(26, 17, '51006012AD'),
	(27, 1, '3587079AA / EEE11466'),
	(27, 2, '3586222BB / EEE11487 - E'),
	(27, 3, '3599412AB / EEE11467'),
	(27, 4, '51006191AJ'),
	(27, 5, '51006192DE'),
	(27, 6, '3580275AC / EEE11460'),
	(27, 7, '3580275BG / EEE11461'),
	(27, 8, '51006015AK'),
	(27, 9, '51006203AB'),
	(27, 10, '51137518AC'),
	(27, 12, '51006196AE'),
	(27, 13, '51006195AF'),
	(27, 14, '51006841AK'),
	(27, 15, '51006102AE'),
	(27, 17, '51006012AD'),
	(28, 1, '3587079AA / EEE11466'),
	(28, 2, '3586222SB / EEE11482-Inter'),
	(28, 3, '3599412AB / EEE11467'),
	(28, 4, '51006191AJ'),
	(28, 5, '51006192DE'),
	(28, 6, '3580275AC / EEE11460'),
	(28, 7, '3580275BG / EEE11461'),
	(28, 8, '51006015AK'),
	(28, 9, '51006203AB'),
	(28, 10, '51137518AC'),
	(28, 12, '51006196AE'),
	(28, 13, '51006195AF'),
	(28, 14, '51006841AK'),
	(28, 15, '51006102AE'),
	(28, 17, '51006012AD'),
	(29, 1, '3587079AA / EEE11466'),
	(29, 2, '3586222AB / EEE11484 - A'),
	(29, 3, '3599412AB / EEE11467'),
	(29, 4, '51006191AJ'),
	(29, 5, '51006192FC'),
	(29, 6, '3580275AC / EEE11460'),
	(29, 7, '3580275BG / EEE11461'),
	(29, 8, '51006015AK'),
	(29, 9, '51006203AB'),
	(29, 10, '51137518AC'),
	(29, 12, '51006196AE'),
	(29, 13, '51006195AF'),
	(29, 14, '51006841AK'),
	(29, 15, '51006102AE'),
	(29, 17, '51006012AD'),
	(30, 1, '3587079AA / EEE11466'),
	(30, 2, '3586222AB / EEE11484 - A'),
	(30, 3, '3599412AB / EEE11467'),
	(30, 4, '51006191AJ'),
	(30, 5, '51006192DE'),
	(30, 6, '3580275AC / EEE11460'),
	(30, 7, '3580275BG / EEE11461'),
	(30, 8, '51006015AK'),
	(30, 9, '51006203AB'),
	(30, 10, '51137518AC'),
	(30, 12, '51006196AE'),
	(30, 13, '51006195AF'),
	(30, 14, '51006841AK'),
	(30, 15, '51006102AE'),
	(30, 17, '51006012AD'),
	(31, 1, '3587079AA / EEE11466'),
	(31, 2, '3586222AB / EEE11484 - A'),
	(31, 3, '3599412AB / EEE11467'),
	(31, 4, '51006191AJ'),
	(31, 5, '51006192ED'),
	(31, 6, '3580275AC / EEE11460'),
	(31, 7, '3580275BG / EEE11461'),
	(31, 8, '51006015AK'),
	(31, 9, '51006203AB'),
	(31, 10, '51137518AC'),
	(31, 12, '51006196AE'),
	(31, 13, '51006195AF'),
	(31, 14, '51006841AK'),
	(31, 15, '51006102AE'),
	(31, 17, '51006012AD'),
	(32, 1, '3587079AA / EEE11466'),
	(32, 2, '3586222SB / EEE11482-Inter'),
	(32, 3, '3599412AB / EEE11467'),
	(32, 4, '51006191AJ'),
	(32, 5, '51006192ED'),
	(32, 6, '3580275AC / EEE11460'),
	(32, 7, '3580275BG / EEE11461'),
	(32, 8, '51006015AK'),
	(32, 9, '51006203AB'),
	(32, 10, '51137518AC'),
	(32, 12, '51006196AE'),
	(32, 13, '51006195AF'),
	(32, 14, '51006841AK'),
	(32, 15, '51006102AE'),
	(32, 17, '51006012AD'),
	(33, 1, '51006710AH / EEE11470'),
	(33, 2, '3586222FB / EEE11464 - F'),
	(33, 3, '3599412AB / EEE11467'),
	(33, 4, '51006191AJ'),
	(33, 5, '51006192KA'),
	(33, 6, '3580275AC / EEE11460'),
	(33, 7, '3580275BG / EEE11461'),
	(33, 8, '51006015AK'),
	(33, 9, '51006202AC'),
	(33, 10, '51137518AC'),
	(33, 12, '51006194AE'),
	(33, 13, '51006195AF'),
	(33, 14, '51006092AK'),
	(33, 15, '51006102AE'),
	(33, 17, '51006012AD'),
	(34, 1, '51006710AH / EEE11470'),
	(34, 2, '3586222FB / EEE11464 - F'),
	(34, 3, '3599412AB / EEE11467'),
	(34, 4, '51006191AJ'),
	(34, 5, '51006192HA'),
	(34, 6, '3580275AC / EEE11460'),
	(34, 7, '3580275BG / EEE11461'),
	(34, 8, '51006015AK'),
	(34, 9, '51006202AC'),
	(34, 10, '51137518AC'),
	(34, 12, '51006194AE'),
	(34, 13, '51006195AF'),
	(34, 14, '51006092AK'),
	(34, 15, '51006102AE'),
	(34, 17, '51006012AD'),
	(35, 1, '51006710AH / EEE11470'),
	(35, 2, '3586222FB / EEE11464 - F'),
	(35, 3, '3599412AB / EEE11467'),
	(35, 4, '51006191AJ'),
	(35, 5, '51006192DE'),
	(35, 6, '3580275AC / EEE11460'),
	(35, 7, '3580275BG / EEE11461'),
	(35, 8, '51006015AK'),
	(35, 9, '51006202AC'),
	(35, 10, '51137518AC'),
	(35, 12, '51006194AE'),
	(35, 13, '51006195AF'),
	(35, 14, '51006092AK'),
	(35, 15, '51006102AE'),
	(35, 17, '51006012AD'),
	(36, 1, '3587079AA / EEE11466'),
	(36, 2, '3586222SB / EEE11482-Inter'),
	(36, 3, '3599412AB / EEE11467'),
	(36, 4, '51006191AJ'),
	(36, 5, '51006192HA'),
	(36, 6, '3580275AC / EEE11460'),
	(36, 7, '3580275BG / EEE11461'),
	(36, 8, '51006015AK'),
	(36, 9, '51006202AC'),
	(36, 10, '51137518AC'),
	(36, 12, '51006194AE'),
	(36, 13, '51006195AF'),
	(36, 14, '51006092AK'),
	(36, 15, '51006102AE'),
	(36, 17, '51006012AD'),
	(37, 1, '3587079AA / EEE11466'),
	(37, 2, '3586222DB / EEE11463 - A'),
	(37, 3, '3599412AB / EEE11467'),
	(37, 4, '51006191AJ'),
	(37, 5, '51006192AD'),
	(37, 6, '3580275AC / EEE11460'),
	(37, 7, '3580275BG / EEE11461'),
	(37, 8, '51006015AK'),
	(37, 9, '51006202AC'),
	(37, 10, '51137518AC'),
	(37, 12, '51006194AE'),
	(37, 13, '51006195AF'),
	(37, 14, '51006092AK'),
	(37, 15, '51006102AE'),
	(37, 17, '51006012AD'),
	(38, 1, '3587079AA / EEE11466'),
	(38, 2, '3586222DB / EEE11463 - A'),
	(38, 3, '3599412AB / EEE11467'),
	(38, 4, '51006191AJ'),
	(38, 5, '51006192CE'),
	(38, 6, '3580275AC / EEE11460'),
	(38, 7, '3580275BG / EEE11461'),
	(38, 8, '51006015AK'),
	(38, 9, '51006202AC'),
	(38, 10, '51137518AC'),
	(38, 12, '51006194AE'),
	(38, 13, '51006195AF'),
	(38, 14, '51006092AK'),
	(38, 15, '51006102AE'),
	(38, 17, '51006012AD'),
	(39, 1, '3587079AA / EEE11466'),
	(39, 2, '3586222DB / EEE11463 - A'),
	(39, 3, '3599412AB / EEE11467'),
	(39, 4, '51006191AJ'),
	(39, 5, '51006192HA'),
	(39, 6, '3580275AC / EEE11460'),
	(39, 7, '3580275BG / EEE11461'),
	(39, 8, '51006015AK'),
	(39, 9, '51006202AC'),
	(39, 10, '51137518AC'),
	(39, 12, '51006194AE'),
	(39, 13, '51006195AF'),
	(39, 14, '51006092AK'),
	(39, 15, '51006102AE'),
	(39, 17, '51006012AD'),
	(40, 1, '3587079AA / EEE11466'),
	(40, 2, '3586222SB / EEE11482-Inter'),
	(40, 3, '3599412AB / EEE11467'),
	(40, 4, '51006191AJ'),
	(40, 5, '51006192DE'),
	(40, 6, '3580275AC / EEE11460'),
	(40, 7, '3580275BG / EEE11461'),
	(40, 8, '51006015AK'),
	(40, 9, '51006202AC'),
	(40, 10, '51137518AC'),
	(40, 12, '51006194AE'),
	(40, 13, '51006195AF'),
	(40, 14, '51006092AK'),
	(40, 15, '51006102AE'),
	(40, 17, '51006012AD'),
	(41, 1, '3587079AA / EEE11466'),
	(41, 2, '3586222SB / EEE11482-Inter;3586222DB / EEE11463 - A'),
	(41, 3, '3599412AB / EEE11467'),
	(41, 4, '51006191AJ'),
	(41, 5, '51006192CE'),
	(41, 6, '3580275AC / EEE11460'),
	(41, 7, '3580275BG / EEE11461'),
	(41, 8, '51006015AK'),
	(41, 9, '51006202AC'),
	(41, 10, '51137518AC'),
	(41, 12, '51006194AE'),
	(41, 13, '51006195AF'),
	(41, 14, '51006092AK'),
	(41, 15, '51006102AE'),
	(41, 17, '51006012AD'),
	(42, 1, '3587079AA / EEE11466'),
	(42, 2, '3586222BB / EEE11487 - E'),
	(42, 3, '3599412AB / EEE11467'),
	(42, 4, '51006191AJ'),
	(42, 5, '51006192KA'),
	(42, 6, '3580275AC / EEE11460'),
	(42, 7, '3580275BG / EEE11461'),
	(42, 8, '51006015AK'),
	(42, 9, '51006202AC'),
	(42, 10, '51137518AC'),
	(42, 12, '51006194AE'),
	(42, 13, '51006195AF'),
	(42, 14, '51006092AK'),
	(42, 15, '51006102AE'),
	(42, 17, '51006012AD'),
	(43, 1, '3587079AA / EEE11466'),
	(43, 2, '3586222BB / EEE11487 - E'),
	(43, 3, '3599412AB / EEE11467'),
	(43, 4, '51006191AJ'),
	(43, 5, '51006192HA'),
	(43, 6, '3580275AC / EEE11460'),
	(43, 7, '3580275BG / EEE11461'),
	(43, 8, '51006015AK'),
	(43, 9, '51006202AC'),
	(43, 10, '51137518AC'),
	(43, 12, '51006194AE'),
	(43, 13, '51006195AF'),
	(43, 14, '51006092AK'),
	(43, 15, '51006102AE'),
	(43, 17, '51006012AD'),
	(44, 1, '3587079AA / EEE11466'),
	(44, 2, '3586222BB / EEE11487 - E'),
	(44, 3, '3599412AB / EEE11467'),
	(44, 4, '51006191AJ'),
	(44, 5, '51006192DE'),
	(44, 6, '3580275AC / EEE11460'),
	(44, 7, '3580275BG / EEE11461'),
	(44, 8, '51006015AK'),
	(44, 9, '51006202AC'),
	(44, 10, '51137518AC'),
	(44, 12, '51006194AE'),
	(44, 13, '51006195AF'),
	(44, 14, '51006092AK'),
	(44, 15, '51006102AE'),
	(44, 17, '51006012AD'),
	(45, 1, '3587079AA / EEE11466'),
	(45, 2, '3586222SB / EEE11482-Inter;3586222BB / EEE11487 - E'),
	(45, 3, '3599412AB / EEE11467'),
	(45, 4, '51006191AJ'),
	(45, 5, '51006192HA'),
	(45, 6, '3580275AC / EEE11460'),
	(45, 7, '3580275BG / EEE11461'),
	(45, 8, '51006015AK'),
	(45, 9, '51006202AC'),
	(45, 10, '51137518AC'),
	(45, 12, '51006194AE'),
	(45, 13, '51006195AF'),
	(45, 14, '51006092AK'),
	(45, 15, '51006102AE'),
	(45, 17, '51006012AD'),
	(46, 1, '3587079AA / EEE11466'),
	(46, 2, '3586222AB / EEE11484 - A'),
	(46, 3, '3599412AB / EEE11467'),
	(46, 4, '51006191AJ'),
	(46, 5, '51006192FC'),
	(46, 6, '3580275AC / EEE11460'),
	(46, 7, '3580275BG / EEE11461'),
	(46, 8, '51006015AK'),
	(46, 9, '51006202AC'),
	(46, 10, '51137518AC'),
	(46, 12, '51006194AE'),
	(46, 13, '51006195AF'),
	(46, 14, '51006092AK'),
	(46, 15, '51006102AE'),
	(46, 17, '51006012AD'),
	(47, 1, '3587079AA / EEE11466'),
	(47, 2, '3586222AB / EEE11484 - A'),
	(47, 3, '3599412AB / EEE11467'),
	(47, 4, '51006191AJ'),
	(47, 5, '51006192DE'),
	(47, 6, '3580275AC / EEE11460'),
	(47, 7, '3580275BG / EEE11461'),
	(47, 8, '51006015AK'),
	(47, 9, '51006202AC'),
	(47, 10, '51137518AC'),
	(47, 12, '51006194AE'),
	(47, 13, '51006195AF'),
	(47, 14, '51006092AK'),
	(47, 15, '51006102AE'),
	(47, 17, '51006012AD'),
	(48, 1, '3587079AA / EEE11466'),
	(48, 2, '3586222AB / EEE11484 - A'),
	(48, 3, '3599412AB / EEE11467'),
	(48, 4, '51006191AJ'),
	(48, 5, '51006192ED'),
	(48, 6, '3580275AC / EEE11460'),
	(48, 7, '3580275BG / EEE11461'),
	(48, 8, '51006015AK'),
	(48, 9, '51006202AC'),
	(48, 10, '51137518AC'),
	(48, 12, '51006194AE'),
	(48, 13, '51006195AF'),
	(48, 14, '51006092AK'),
	(48, 15, '51006102AE'),
	(48, 17, '51006012AD'),
	(49, 1, '3587079AA / EEE11466'),
	(49, 2, '3586222SB / EEE11482-Inter'),
	(49, 3, '3599412AB / EEE11467'),
	(49, 4, '51006191AJ'),
	(49, 5, '51006192ED'),
	(49, 6, '3580275AC / EEE11460'),
	(49, 7, '3580275BG / EEE11461'),
	(49, 8, '51006015AK'),
	(49, 9, '51006202AC'),
	(49, 10, '51137518AC'),
	(49, 12, '51006194AE'),
	(49, 13, '51006195AF'),
	(49, 14, '51006092AK'),
	(49, 15, '51006102AE'),
	(49, 17, '51006012AD'),
	(50, 1, '3587079AA / EEE11466'),
	(50, 2, '3586222SB / EEE11482-Inter;3586222AB / EEE11484 - A'),
	(50, 3, '3599412AB / EEE11467'),
	(50, 4, '51006191AJ'),
	(50, 5, '51006192DE'),
	(50, 6, '3580275AC / EEE11460'),
	(50, 7, '3580275BG / EEE11461'),
	(50, 8, '51006015AK'),
	(50, 9, '51006202AC'),
	(50, 10, '51137518AC'),
	(50, 12, '51006194AE'),
	(50, 13, '51006195AF'),
	(50, 14, '51006092AK'),
	(50, 15, '51006102AE'),
	(50, 17, '51006012AD');

-- Dumping structure for table quality_web.operator
CREATE TABLE IF NOT EXISTS `operator` (
  `id` int NOT NULL AUTO_INCREMENT,
  `name` text,
  PRIMARY KEY (`id`)
) ENGINE=InnoDB AUTO_INCREMENT=5 DEFAULT CHARSET=utf8mb4 COLLATE=utf8mb4_0900_ai_ci;

-- Dumping data for table quality_web.operator: ~0 rows (approximately)
DELETE FROM `operator`;
INSERT INTO `operator` (`id`, `name`) VALUES
	(1, 'Máté Nikolett'),
	(2, 'Jakabfy Alexandra'),
	(3, 'Jancsi viktória'),
	(4, 'Bertókné Andrea');

-- Dumping structure for table quality_web.part_types
CREATE TABLE IF NOT EXISTS `part_types` (
  `id` int NOT NULL AUTO_INCREMENT,
  `name` text,
  PRIMARY KEY (`id`)
) ENGINE=InnoDB AUTO_INCREMENT=18 DEFAULT CHARSET=utf8mb4 COLLATE=utf8mb4_0900_ai_ci;

-- Dumping data for table quality_web.part_types: ~17 rows (approximately)
DELETE FROM `part_types`;
INSERT INTO `part_types` (`id`, `name`) VALUES
	(1, 'Mágneses'),
	(2, 'Termikus'),
	(3, 'Alsó doboz'),
	(4, 'Mágneses beállító'),
	(5, 'Mágneses beállító rugó'),
	(6, 'Vezérlőkar UNI'),
	(7, 'Vezérlőkar fekete'),
	(8, 'Kapocs'),
	(9, 'Szegecs'),
	(10, 'Fedő'),
	(11, 'Szorító'),
	(12, 'Központi szegecs'),
	(13, 'Központi csavar'),
	(14, 'Vezérlőkar összekötő'),
	(15, 'Vezérlőkar összekötő csavar'),
	(16, 'Központozó gyűrű'),
	(17, 'Csatlórúd');

-- Dumping structure for table quality_web.products
CREATE TABLE IF NOT EXISTS `products` (
  `id` int NOT NULL AUTO_INCREMENT,
  `name` text,
  `ref` text,
  PRIMARY KEY (`id`)
) ENGINE=InnoDB AUTO_INCREMENT=51 DEFAULT CHARSET=utf8mb4 COLLATE=utf8mb4_0900_ai_ci;

-- Dumping data for table quality_web.products: ~50 rows (approximately)
DELETE FROM `products`;
INSERT INTO `products` (`id`, `name`, `ref`) VALUES
	(1, '10A C UNI / 1 Pólus ', '3599424KA'),
	(2, '63A B UNI / 1 Pólus ', '3599434SA'),
	(3, '63A C UNI / 1 Pólus ', '3599424CA'),
	(4, '63A D UNI / 1 Pólus ', '3599424EA'),
	(5, '80A B UNI / 1 Pólus ', '3599434UA'),
	(6, '80A C UNI / 1 Pólus ', '3599443AA'),
	(7, '80A D UNI / 1 Pólus ', '3599441EA'),
	(8, '10A C BIP / 2P', '3599424DA'),
	(9, '63A B BIP / 2P', '3599424FA'),
	(10, '63A C BIP / 2P', '3599442DA'),
	(11, '63A D BIP / 2P', '3599434NA'),
	(12, '63A INTER BIP / 2P', '3599434YA'),
	(13, '80A B BIP / 2P', '3599441CA'),
	(14, '80A C BIP / 2P', '3599441UA'),
	(15, '80A D BIP / 2P', '3599422LA'),
	(16, '80A INTER BIP / 2P', '3599422VA'),
	(17, '63A B TRI / 3P ', '3599433LA'),
	(18, '63A C TRI / 3P ', '3599432DA'),
	(19, '63A D TRI / 3P ', '3599433JA'),
	(20, '63A INTER TRI / 3P ', '3599438DA'),
	(21, '80A B TRI / 3P ', '3599420JA'),
	(22, '80A C TRI / 3P ', '3599417NA'),
	(23, '80A D TRI / 3P ', '3599417TA'),
	(24, '80A INTER TRI / 3P ', '3599420MA'),
	(25, '100A B TRI / 3P ', '3599417JA'),
	(26, '100A C TRI / 3P ', '3599417BA'),
	(27, '100A D TRI / 3P ', '3599417LA'),
	(28, '100A INTER TRI / 3P ', '3599420TA'),
	(29, '125A B TRI / 3P ', '3599417HA'),
	(30, '125A C TRI / 3P ', '3599417RA'),
	(31, '125A D TRI / 3P ', '3599417EA'),
	(32, '125A INTER TRI / 3P ', '3599417ZA'),
	(33, '63A B TETRA / 4P ', '3599442KA'),
	(34, '63A C TETRA / 4P ', '3599432NA'),
	(35, '63A D TETRA / 4P ', '3599442HA'),
	(36, '63A INTER TRI+N / 4P ', '3599438BA'),
	(37, '80A B TETRA / 4P ', '3599420GA'),
	(38, '80A C TETRA / 4P ', '3599420CA'),
	(39, '80A D TETRA / 4P ', '3599420FA'),
	(40, '80-100A INTER TRI+N', '3599423MA'),
	(41, '80A NS C INTER TRI+N', '3599420BA'),
	(42, '100A B TETRA / 4P ', '3599417UA'),
	(43, '100A C TETRA / 4P ', '3599417CA'),
	(44, '100A D TETRA / 4P ', '3599415HA'),
	(45, '100A NS C INTER TRI+N', '3599402CA'),
	(46, '125A B TETRA / 4P ', '3599415FA'),
	(47, '125A C TETRA / 4P ', '3599415BA'),
	(48, '125A D TETRA / 4P ', '3599415CA'),
	(49, '125A INTER TRI+N ', '3599423JA'),
	(50, '125A NS C INTER TRI+N ', '3599402BA');

-- Dumping structure for table quality_web.timestamps
CREATE TABLE IF NOT EXISTS `timestamps` (
  `prod_id` int NOT NULL,
  `time` datetime NOT NULL DEFAULT CURRENT_TIMESTAMP,
  `operator` int DEFAULT NULL
) ENGINE=InnoDB DEFAULT CHARSET=utf8mb4 COLLATE=utf8mb4_0900_ai_ci;

-- Dumping data for table quality_web.timestamps: ~9 rows (approximately)
DELETE FROM `timestamps`;

/*!40103 SET TIME_ZONE=IFNULL(@OLD_TIME_ZONE, 'system') */;
/*!40101 SET SQL_MODE=IFNULL(@OLD_SQL_MODE, '') */;
/*!40014 SET FOREIGN_KEY_CHECKS=IFNULL(@OLD_FOREIGN_KEY_CHECKS, 1) */;
/*!40101 SET CHARACTER_SET_CLIENT=@OLD_CHARACTER_SET_CLIENT */;
/*!40111 SET SQL_NOTES=IFNULL(@OLD_SQL_NOTES, 1) */;
