-- MySQL dump 10.13  Distrib 8.0.30, for Win64 (x86_64)
--
-- Host: wthu010501056d    Database: quality_web
-- ------------------------------------------------------
-- Server version	8.0.30

/*!40101 SET @OLD_CHARACTER_SET_CLIENT=@@CHARACTER_SET_CLIENT */;
/*!40101 SET @OLD_CHARACTER_SET_RESULTS=@@CHARACTER_SET_RESULTS */;
/*!40101 SET @OLD_COLLATION_CONNECTION=@@COLLATION_CONNECTION */;
/*!50503 SET NAMES utf8mb4 */;
/*!40103 SET @OLD_TIME_ZONE=@@TIME_ZONE */;
/*!40103 SET TIME_ZONE='+00:00' */;
/*!40014 SET @OLD_UNIQUE_CHECKS=@@UNIQUE_CHECKS, UNIQUE_CHECKS=0 */;
/*!40014 SET @OLD_FOREIGN_KEY_CHECKS=@@FOREIGN_KEY_CHECKS, FOREIGN_KEY_CHECKS=0 */;
/*!40101 SET @OLD_SQL_MODE=@@SQL_MODE, SQL_MODE='NO_AUTO_VALUE_ON_ZERO' */;
/*!40111 SET @OLD_SQL_NOTES=@@SQL_NOTES, SQL_NOTES=0 */;

--
-- Table structure for table `bom`
--

DROP TABLE IF EXISTS `bom`;
/*!40101 SET @saved_cs_client     = @@character_set_client */;
/*!50503 SET character_set_client = utf8mb4 */;
CREATE TABLE `bom` (
  `product_id` int DEFAULT NULL,
  `part_type` int DEFAULT NULL,
  `part_name` text CHARACTER SET utf8mb4 COLLATE utf8mb4_0900_ai_ci
) ENGINE=InnoDB DEFAULT CHARSET=utf8mb4 COLLATE=utf8mb4_0900_ai_ci;
/*!40101 SET character_set_client = @saved_cs_client */;

--
-- Dumping data for table `bom`
--

LOCK TABLES `bom` WRITE;
/*!40000 ALTER TABLE `bom` DISABLE KEYS */;
INSERT INTO `bom` VALUES (1,1,'51006710ED / EEE11471'),(1,2,'3586222QB / EEE11465 - M'),(1,3,'3599440AB / EEE11469 - 50mm2'),(1,4,'51006191AJ'),(1,5,'51006192CE'),(1,6,'3580275CC / EEE11462'),(1,8,'51006015AK'),(1,9,'51006643AB'),(1,10,'51137515AF - 50mm2'),(1,11,'51006321AC - 50mm2'),(1,12,'51006682AG'),(1,13,'51006195AF'),(1,17,'51006012AD'),(2,1,'51006710AH / EEE11470'),(2,2,'3586222EB / EEE11481 - R'),(2,3,'3599440AB / EEE11469 - 50mm2'),(2,4,'51006191AJ'),(2,5,'51006192KA'),(2,6,'3580275CC / EEE11462'),(2,8,'51006015AK'),(2,9,'51006643AB'),(2,10,'51137515AF - 50mm2'),(2,11,'51006321AC - 50mm2'),(2,12,'51006682AG'),(2,13,'51006195AF'),(2,17,'51006012AD'),(3,1,'51006710AH / EEE11470'),(3,2,'3586222EB / EEE11481 - R'),(3,3,'3599440AB / EEE11469 - 50mm2'),(3,4,'51006191AJ'),(3,5,'51006192HA'),(3,6,'3580275CC / EEE11462'),(3,8,'51006015AK'),(3,9,'51006643AB'),(3,10,'51137515AF - 50mm2'),(3,11,'51006321AC - 50mm2'),(3,12,'51006682AG'),(3,13,'51006195AF'),(3,17,'51006012AD'),(4,1,'51006710AH / EEE11470'),(4,2,'3586222EB / EEE11481 - R'),(4,3,'3599440AB / EEE11469 - 50mm2'),(4,4,'51006191AJ'),(4,5,'51006192DE'),(4,6,'3580275CC / EEE11462'),(4,8,'51006015AK'),(4,9,'51006643AB'),(4,10,'51137515AF - 50mm2'),(4,11,'51006321AC - 50mm2'),(4,12,'51006682AG'),(4,13,'51006195AF'),(4,17,'51006012AD'),(5,1,'3587079AA / EEE11466'),(5,2,'3586222CB / EEE11486 - F'),(5,3,'3599440BB / EEE11488 - 70mm2'),(5,4,'51006191AJ'),(5,5,'51006192AD'),(5,6,'3580275CC / EEE11462'),(5,8,'51006015AK'),(5,9,'51006643AB'),(5,10,'51137515CC - 70mm2'),(5,11,'51137120AB - 70mm2'),(5,12,'51006682AG'),(5,13,'51006195AF'),(5,17,'51006012AD'),(6,1,'3587079AA / EEE11466'),(6,2,'3586222CB / EEE11486 - F'),(6,3,'3599440BB / EEE11488 - 70mm2'),(6,4,'51006191AJ'),(6,5,'51006192CE'),(6,6,'3580275CC / EEE11462'),(6,8,'51006015AK'),(6,9,'51006643AB'),(6,10,'51137515CC - 70mm2'),(6,11,'51137120AB - 70mm2'),(6,12,'51006682AG'),(6,13,'51006195AF'),(6,17,'51006012AD'),(7,1,'3587079AA / EEE11466'),(7,2,'3586222CB / EEE11486 - F'),(7,3,'3599440BB / EEE11488 - 70mm2'),(7,4,'51006191AJ'),(7,5,'51006192HA'),(7,6,'3580275CC / EEE11462'),(7,8,'51006015AK'),(7,9,'51006643AB'),(7,10,'51137515CC - 70mm2'),(7,11,'51137120AB - 70mm2'),(7,12,'51006682AG'),(7,13,'51006195AF'),(7,17,'51006012AD'),(8,1,'51006710ED / EEE11471'),(8,2,'3586222QB / EEE11465 - M'),(8,3,'3599440AB / EEE11469 - 50mm2'),(8,4,'51006191AJ'),(8,5,'51006192CE'),(8,6,'3580275AC / EEE11460'),(8,7,'3580275BG / EEE11461'),(8,8,'51006015AK'),(8,9,'51006643BB'),(8,10,'51137515AF - 50mm2'),(8,11,'51006321AC - 50mm2'),(8,12,'51006682BG'),(8,13,'51006195AF'),(8,14,'51006352AL'),(8,15,'51006102AE'),(8,16,'51006683AD'),(8,17,'51006012AD'),(9,1,'51006710AH / EEE11470'),(9,2,'3586222EB / EEE11481 - R'),(9,3,'3599440AB / EEE11469 - 50mm2'),(9,4,'51006191AJ'),(9,5,'51006192KA'),(9,6,'3580275AC / EEE11460'),(9,7,'3580275BG / EEE11461'),(9,8,'51006015AK'),(9,9,'51006643BB'),(9,10,'51137515AF - 50mm2'),(9,11,'51006321AC - 50mm2'),(9,12,'51006682BG'),(9,13,'51006195AF'),(9,14,'51006352AL'),(9,15,'51006102AE'),(9,16,'51006683AD'),(9,17,'51006012AD'),(10,1,'51006710AH / EEE11470'),(10,2,'3586222EB / EEE11481 - R'),(10,3,'3599440AB / EEE11469 - 50mm2'),(10,4,'51006191AJ'),(10,5,'51006192HA'),(10,6,'3580275AC / EEE11460'),(10,7,'3580275BG / EEE11461'),(10,8,'51006015AK'),(10,9,'51006643BB'),(10,10,'51137515AF - 50mm2'),(10,11,'51006321AC - 50mm2'),(10,12,'51006682BG'),(10,13,'51006195AF'),(10,14,'51006352AL'),(10,15,'51006102AE'),(10,16,'51006683AD'),(10,17,'51006012AD'),(11,1,'51006710AH / EEE11470'),(11,2,'3586222EB / EEE11481 - R'),(11,3,'3599440AB / EEE11469 - 50mm2'),(11,4,'51006191AJ'),(11,5,'51006192DE'),(11,6,'3580275AC / EEE11460'),(11,7,'3580275BG / EEE11461'),(11,8,'51006015AK'),(11,9,'51006643BB'),(11,10,'51137515AF - 50mm2'),(11,11,'51006321AC - 50mm2'),(11,12,'51006682BG'),(11,13,'51006195AF'),(11,14,'51006352AL'),(11,15,'51006102AE'),(11,16,'51006683AD'),(11,17,'51006012AD'),(12,1,'3587079AA / EEE11466'),(12,2,'3586222SB / EEE11482-Inter'),(12,3,'3599440AB / EEE11469 - 50mm2'),(12,4,'51006191AJ'),(12,5,'51006192HA'),(12,6,'3580275AC / EEE11460'),(12,7,'3580275BG / EEE11461'),(12,8,'51006015AK'),(12,9,'51006643BB'),(12,10,'51137515AF - 50mm2'),(12,11,'3532269AF - 63mm2'),(12,12,'51006682BG'),(12,13,'51006195AF'),(12,14,'51006352AL'),(12,15,'51006102AE'),(12,16,'51006683AD'),(12,17,'51006012AD'),(13,1,'3587079AA / EEE11466'),(13,2,'3586222CB / EEE11486 - F'),(13,3,'3599440BB / EEE11488 - 70mm2'),(13,4,'51006191AJ'),(13,5,'51006192AD'),(13,6,'3580275AC / EEE11460'),(13,7,'3580275BG / EEE11461'),(13,8,'51006015AK'),(13,9,'51006643BB'),(13,10,'51137515CC - 70mm2'),(13,11,'51137120AB - 70mm2'),(13,12,'51006682BG'),(13,13,'51006195AF'),(13,14,'51006352AL'),(13,15,'51006102AE'),(13,16,'51006683AD'),(13,17,'51006012AD'),(14,1,'3587079AA / EEE11466'),(14,2,'3586222CB / EEE11486 - F'),(14,3,'3599440BB / EEE11488 - 70mm2'),(14,4,'51006191AJ'),(14,5,'51006192CE'),(14,6,'3580275AC / EEE11460'),(14,7,'3580275BG / EEE11461'),(14,8,'51006015AK'),(14,9,'51006643BB'),(14,10,'51137515CC - 70mm2'),(14,11,'51137120AB - 70mm2'),(14,12,'51006682BG'),(14,13,'51006195AF'),(14,14,'51006352AL'),(14,15,'51006102AE'),(14,16,'51006683AD'),(14,17,'51006012AD'),(15,1,'3587079AA / EEE11466'),(15,2,'3586222CB / EEE11486 - F'),(15,3,'3599440BB / EEE11488 - 70mm2'),(15,4,'51006191AJ'),(15,5,'51006192HA'),(15,6,'3580275AC / EEE11460'),(15,7,'3580275BG / EEE11461'),(15,8,'51006015AK'),(15,9,'51006643BB'),(15,10,'51137515CC - 70mm2'),(15,11,'51137120AB - 70mm2'),(15,12,'51006682BG'),(15,13,'51006195AF'),(15,14,'51006352AL'),(15,15,'51006102AE'),(15,16,'51006683AD'),(15,17,'51006012AD'),(16,1,'3587079AA / EEE11466'),(16,2,'3586222SB / EEE11482-Inter'),(16,3,'3599440BB / EEE11488 - 70mm2'),(16,4,'51006191AJ'),(16,5,'51006192HA'),(16,6,'3580275AC / EEE11460'),(16,7,'3580275BG / EEE11461'),(16,8,'51006015AK'),(16,9,'51006643BB'),(16,10,'51137515CC - 70mm2'),(16,11,'51137120AB - 70mm2'),(16,12,'51006682BG'),(16,13,'51006195AF'),(16,14,'51006352AL'),(16,15,'51006102AE'),(16,16,'51006683AD'),(16,17,'51006012AD'),(17,1,'51006710AH / EEE11470'),(17,2,'3586222FB / EEE11464 - F'),(17,3,'3599412AB / EEE11467'),(17,4,'51006191AJ'),(17,5,'51006192KA'),(17,6,'3580275AC / EEE11460'),(17,7,'3580275BG / EEE11461'),(17,8,'51006015AK'),(17,9,'51006203AB'),(17,10,'51137518AC'),(17,12,'51006196AE'),(17,13,'51006195AF'),(17,14,'51006841AK'),(17,15,'51006102AE'),(17,17,'51006012AD'),(18,1,'51006710AH / EEE11470'),(18,2,'3586222FB / EEE11464 - F'),(18,3,'3599412AB / EEE11467'),(18,4,'51006191AJ'),(18,5,'51006192HA'),(18,6,'3580275AC / EEE11460'),(18,7,'3580275BG / EEE11461'),(18,8,'51006015AK'),(18,9,'51006203AB'),(18,10,'51137518AC'),(18,12,'51006196AE'),(18,13,'51006195AF'),(18,14,'51006841AK'),(18,15,'51006102AE'),(18,17,'51006012AD'),(19,1,'51006710AH / EEE11470'),(19,2,'3586222FB / EEE11464 - F'),(19,3,'3599412AB / EEE11467'),(19,4,'51006191AJ'),(19,5,'51006192DE'),(19,6,'3580275AC / EEE11460'),(19,7,'3580275BG / EEE11461'),(19,8,'51006015AK'),(19,9,'51006203AB'),(19,10,'51137518AC'),(19,12,'51006196AE'),(19,13,'51006195AF'),(19,14,'51006841AK'),(19,15,'51006102AE'),(19,17,'51006012AD'),(20,1,'3587079AA / EEE11466'),(20,2,'3586222SB / EEE11482-Inter'),(20,3,'3599412AB / EEE11467'),(20,4,'51006191AJ'),(20,5,'51006192HA'),(20,6,'3580275AC / EEE11460'),(20,7,'3580275BG / EEE11461'),(20,8,'51006015AK'),(20,9,'51006203AB'),(20,10,'51137518AC'),(20,12,'51006196AE'),(20,13,'51006195AF'),(20,14,'51006841AK'),(20,15,'51006102AE'),(20,17,'51006012AD'),(21,1,'3587079AA / EEE11466'),(21,2,'3586222DB / EEE11463 - A'),(21,3,'3599412AB / EEE11467'),(21,4,'51006191AJ'),(21,5,'51006192AD'),(21,6,'3580275AC / EEE11460'),(21,7,'3580275BG / EEE11461'),(21,8,'51006015AK'),(21,9,'51006203AB'),(21,10,'51137518AC'),(21,12,'51006196AE'),(21,13,'51006195AF'),(21,14,'51006841AK'),(21,15,'51006102AE'),(21,17,'51006012AD'),(22,1,'3587079AA / EEE11466'),(22,2,'3586222DB / EEE11463 - A'),(22,3,'3599412AB / EEE11467'),(22,4,'51006191AJ'),(22,5,'51006192CE'),(22,6,'3580275AC / EEE11460'),(22,7,'3580275BG / EEE11461'),(22,8,'51006015AK'),(22,9,'51006203AB'),(22,10,'51137518AC'),(22,12,'51006196AE'),(22,13,'51006195AF'),(22,14,'51006841AK'),(22,15,'51006102AE'),(22,17,'51006012AD'),(23,1,'3587079AA / EEE11466'),(23,2,'3586222DB / EEE11463 - A'),(23,3,'3599412AB / EEE11467'),(23,4,'51006191AJ'),(23,5,'51006192HA'),(23,6,'3580275AC / EEE11460'),(23,7,'3580275BG / EEE11461'),(23,8,'51006015AK'),(23,9,'51006203AB'),(23,10,'51137518AC'),(23,12,'51006196AE'),(23,13,'51006195AF'),(23,14,'51006841AK'),(23,15,'51006102AE'),(23,17,'51006012AD'),(24,1,'3587079AA / EEE11466'),(24,2,'3586222SB / EEE11482-Inter'),(24,3,'3599412AB / EEE11467'),(24,4,'51006191AJ'),(24,5,'51006192DE'),(24,6,'3580275AC / EEE11460'),(24,7,'3580275BG / EEE11461'),(24,8,'51006015AK'),(24,9,'51006203AB'),(24,10,'51137518AC'),(24,12,'51006196AE'),(24,13,'51006195AF'),(24,14,'51006841AK'),(24,15,'51006102AE'),(24,17,'51006012AD'),(25,1,'3587079AA / EEE11466'),(25,2,'3586222BB / EEE11487 - E'),(25,3,'3599412AB / EEE11467'),(25,4,'51006191AJ'),(25,5,'51006192KA'),(25,6,'3580275AC / EEE11460'),(25,7,'3580275BG / EEE11461'),(25,8,'51006015AK'),(25,9,'51006203AB'),(25,10,'51137518AC'),(25,12,'51006196AE'),(25,13,'51006195AF'),(25,14,'51006841AK'),(25,15,'51006102AE'),(25,17,'51006012AD'),(26,1,'3587079AA / EEE11466'),(26,2,'3586222BB / EEE11487 - E'),(26,3,'3599412AB / EEE11467'),(26,4,'51006191AJ'),(26,5,'51006192HA'),(26,6,'3580275AC / EEE11460'),(26,7,'3580275BG / EEE11461'),(26,8,'51006015AK'),(26,9,'51006203AB'),(26,10,'51137518AC'),(26,12,'51006196AE'),(26,13,'51006195AF'),(26,14,'51006841AK'),(26,15,'51006102AE'),(26,17,'51006012AD'),(27,1,'3587079AA / EEE11466'),(27,2,'3586222BB / EEE11487 - E'),(27,3,'3599412AB / EEE11467'),(27,4,'51006191AJ'),(27,5,'51006192DE'),(27,6,'3580275AC / EEE11460'),(27,7,'3580275BG / EEE11461'),(27,8,'51006015AK'),(27,9,'51006203AB'),(27,10,'51137518AC'),(27,12,'51006196AE'),(27,13,'51006195AF'),(27,14,'51006841AK'),(27,15,'51006102AE'),(27,17,'51006012AD'),(28,1,'3587079AA / EEE11466'),(28,2,'3586222SB / EEE11482-Inter'),(28,3,'3599412AB / EEE11467'),(28,4,'51006191AJ'),(28,5,'51006192DE'),(28,6,'3580275AC / EEE11460'),(28,7,'3580275BG / EEE11461'),(28,8,'51006015AK'),(28,9,'51006203AB'),(28,10,'51137518AC'),(28,12,'51006196AE'),(28,13,'51006195AF'),(28,14,'51006841AK'),(28,15,'51006102AE'),(28,17,'51006012AD'),(29,1,'3587079AA / EEE11466'),(29,2,'3586222AB / EEE11484 - A'),(29,3,'3599412AB / EEE11467'),(29,4,'51006191AJ'),(29,5,'51006192FC'),(29,6,'3580275AC / EEE11460'),(29,7,'3580275BG / EEE11461'),(29,8,'51006015AK'),(29,9,'51006203AB'),(29,10,'51137518AC'),(29,12,'51006196AE'),(29,13,'51006195AF'),(29,14,'51006841AK'),(29,15,'51006102AE'),(29,17,'51006012AD'),(30,1,'3587079AA / EEE11466'),(30,2,'3586222AB / EEE11484 - A'),(30,3,'3599412AB / EEE11467'),(30,4,'51006191AJ'),(30,5,'51006192DE'),(30,6,'3580275AC / EEE11460'),(30,7,'3580275BG / EEE11461'),(30,8,'51006015AK'),(30,9,'51006203AB'),(30,10,'51137518AC'),(30,12,'51006196AE'),(30,13,'51006195AF'),(30,14,'51006841AK'),(30,15,'51006102AE'),(30,17,'51006012AD'),(31,1,'3587079AA / EEE11466'),(31,2,'3586222AB / EEE11484 - A'),(31,3,'3599412AB / EEE11467'),(31,4,'51006191AJ'),(31,5,'51006192ED'),(31,6,'3580275AC / EEE11460'),(31,7,'3580275BG / EEE11461'),(31,8,'51006015AK'),(31,9,'51006203AB'),(31,10,'51137518AC'),(31,12,'51006196AE'),(31,13,'51006195AF'),(31,14,'51006841AK'),(31,15,'51006102AE'),(31,17,'51006012AD'),(32,1,'3587079AA / EEE11466'),(32,2,'3586222SB / EEE11482-Inter'),(32,3,'3599412AB / EEE11467'),(32,4,'51006191AJ'),(32,5,'51006192ED'),(32,6,'3580275AC / EEE11460'),(32,7,'3580275BG / EEE11461'),(32,8,'51006015AK'),(32,9,'51006203AB'),(32,10,'51137518AC'),(32,12,'51006196AE'),(32,13,'51006195AF'),(32,14,'51006841AK'),(32,15,'51006102AE'),(32,17,'51006012AD'),(33,1,'51006710AH / EEE11470'),(33,2,'3586222FB / EEE11464 - F'),(33,3,'3599412AB / EEE11467'),(33,4,'51006191AJ'),(33,5,'51006192KA'),(33,6,'3580275AC / EEE11460'),(33,7,'3580275BG / EEE11461'),(33,8,'51006015AK'),(33,9,'51006202AC'),(33,10,'51137518AC'),(33,12,'51006194AE'),(33,13,'51006195AF'),(33,14,'51006092AK'),(33,15,'51006102AE'),(33,17,'51006012AD'),(34,1,'51006710AH / EEE11470'),(34,2,'3586222FB / EEE11464 - F'),(34,3,'3599412AB / EEE11467'),(34,4,'51006191AJ'),(34,5,'51006192HA'),(34,6,'3580275AC / EEE11460'),(34,7,'3580275BG / EEE11461'),(34,8,'51006015AK'),(34,9,'51006202AC'),(34,10,'51137518AC'),(34,12,'51006194AE'),(34,13,'51006195AF'),(34,14,'51006092AK'),(34,15,'51006102AE'),(34,17,'51006012AD'),(35,1,'51006710AH / EEE11470'),(35,2,'3586222FB / EEE11464 - F'),(35,3,'3599412AB / EEE11467'),(35,4,'51006191AJ'),(35,5,'51006192DE'),(35,6,'3580275AC / EEE11460'),(35,7,'3580275BG / EEE11461'),(35,8,'51006015AK'),(35,9,'51006202AC'),(35,10,'51137518AC'),(35,12,'51006194AE'),(35,13,'51006195AF'),(35,14,'51006092AK'),(35,15,'51006102AE'),(35,17,'51006012AD'),(36,1,'3587079AA / EEE11466'),(36,2,'3586222SB / EEE11482-Inter'),(36,3,'3599412AB / EEE11467'),(36,4,'51006191AJ'),(36,5,'51006192HA'),(36,6,'3580275AC / EEE11460'),(36,7,'3580275BG / EEE11461'),(36,8,'51006015AK'),(36,9,'51006202AC'),(36,10,'51137518AC'),(36,12,'51006194AE'),(36,13,'51006195AF'),(36,14,'51006092AK'),(36,15,'51006102AE'),(36,17,'51006012AD'),(37,1,'3587079AA / EEE11466'),(37,2,'3586222DB / EEE11463 - A'),(37,3,'3599412AB / EEE11467'),(37,4,'51006191AJ'),(37,5,'51006192AD'),(37,6,'3580275AC / EEE11460'),(37,7,'3580275BG / EEE11461'),(37,8,'51006015AK'),(37,9,'51006202AC'),(37,10,'51137518AC'),(37,12,'51006194AE'),(37,13,'51006195AF'),(37,14,'51006092AK'),(37,15,'51006102AE'),(37,17,'51006012AD'),(38,1,'3587079AA / EEE11466'),(38,2,'3586222DB / EEE11463 - A'),(38,3,'3599412AB / EEE11467'),(38,4,'51006191AJ'),(38,5,'51006192CE'),(38,6,'3580275AC / EEE11460'),(38,7,'3580275BG / EEE11461'),(38,8,'51006015AK'),(38,9,'51006202AC'),(38,10,'51137518AC'),(38,12,'51006194AE'),(38,13,'51006195AF'),(38,14,'51006092AK'),(38,15,'51006102AE'),(38,17,'51006012AD'),(39,1,'3587079AA / EEE11466'),(39,2,'3586222DB / EEE11463 - A'),(39,3,'3599412AB / EEE11467'),(39,4,'51006191AJ'),(39,5,'51006192HA'),(39,6,'3580275AC / EEE11460'),(39,7,'3580275BG / EEE11461'),(39,8,'51006015AK'),(39,9,'51006202AC'),(39,10,'51137518AC'),(39,12,'51006194AE'),(39,13,'51006195AF'),(39,14,'51006092AK'),(39,15,'51006102AE'),(39,17,'51006012AD'),(40,1,'3587079AA / EEE11466'),(40,2,'3586222SB / EEE11482-Inter'),(40,3,'3599412AB / EEE11467'),(40,4,'51006191AJ'),(40,5,'51006192DE'),(40,6,'3580275AC / EEE11460'),(40,7,'3580275BG / EEE11461'),(40,8,'51006015AK'),(40,9,'51006202AC'),(40,10,'51137518AC'),(40,12,'51006194AE'),(40,13,'51006195AF'),(40,14,'51006092AK'),(40,15,'51006102AE'),(40,17,'51006012AD'),(41,1,'3587079AA / EEE11466'),(41,2,'3586222SB / EEE11482-Inter;3586222DB / EEE11463 - A'),(41,3,'3599412AB / EEE11467'),(41,4,'51006191AJ'),(41,5,'51006192CE'),(41,6,'3580275AC / EEE11460'),(41,7,'3580275BG / EEE11461'),(41,8,'51006015AK'),(41,9,'51006202AC'),(41,10,'51137518AC'),(41,12,'51006194AE'),(41,13,'51006195AF'),(41,14,'51006092AK'),(41,15,'51006102AE'),(41,17,'51006012AD'),(42,1,'3587079AA / EEE11466'),(42,2,'3586222BB / EEE11487 - E'),(42,3,'3599412AB / EEE11467'),(42,4,'51006191AJ'),(42,5,'51006192KA'),(42,6,'3580275AC / EEE11460'),(42,7,'3580275BG / EEE11461'),(42,8,'51006015AK'),(42,9,'51006202AC'),(42,10,'51137518AC'),(42,12,'51006194AE'),(42,13,'51006195AF'),(42,14,'51006092AK'),(42,15,'51006102AE'),(42,17,'51006012AD'),(43,1,'3587079AA / EEE11466'),(43,2,'3586222BB / EEE11487 - E'),(43,3,'3599412AB / EEE11467'),(43,4,'51006191AJ'),(43,5,'51006192HA'),(43,6,'3580275AC / EEE11460'),(43,7,'3580275BG / EEE11461'),(43,8,'51006015AK'),(43,9,'51006202AC'),(43,10,'51137518AC'),(43,12,'51006194AE'),(43,13,'51006195AF'),(43,14,'51006092AK'),(43,15,'51006102AE'),(43,17,'51006012AD'),(44,1,'3587079AA / EEE11466'),(44,2,'3586222BB / EEE11487 - E'),(44,3,'3599412AB / EEE11467'),(44,4,'51006191AJ'),(44,5,'51006192DE'),(44,6,'3580275AC / EEE11460'),(44,7,'3580275BG / EEE11461'),(44,8,'51006015AK'),(44,9,'51006202AC'),(44,10,'51137518AC'),(44,12,'51006194AE'),(44,13,'51006195AF'),(44,14,'51006092AK'),(44,15,'51006102AE'),(44,17,'51006012AD'),(45,1,'3587079AA / EEE11466'),(45,2,'3586222SB / EEE11482-Inter;3586222BB / EEE11487 - E'),(45,3,'3599412AB / EEE11467'),(45,4,'51006191AJ'),(45,5,'51006192HA'),(45,6,'3580275AC / EEE11460'),(45,7,'3580275BG / EEE11461'),(45,8,'51006015AK'),(45,9,'51006202AC'),(45,10,'51137518AC'),(45,12,'51006194AE'),(45,13,'51006195AF'),(45,14,'51006092AK'),(45,15,'51006102AE'),(45,17,'51006012AD'),(46,1,'3587079AA / EEE11466'),(46,2,'3586222AB / EEE11484 - A'),(46,3,'3599412AB / EEE11467'),(46,4,'51006191AJ'),(46,5,'51006192FC'),(46,6,'3580275AC / EEE11460'),(46,7,'3580275BG / EEE11461'),(46,8,'51006015AK'),(46,9,'51006202AC'),(46,10,'51137518AC'),(46,12,'51006194AE'),(46,13,'51006195AF'),(46,14,'51006092AK'),(46,15,'51006102AE'),(46,17,'51006012AD'),(47,1,'3587079AA / EEE11466'),(47,2,'3586222AB / EEE11484 - A'),(47,3,'3599412AB / EEE11467'),(47,4,'51006191AJ'),(47,5,'51006192DE'),(47,6,'3580275AC / EEE11460'),(47,7,'3580275BG / EEE11461'),(47,8,'51006015AK'),(47,9,'51006202AC'),(47,10,'51137518AC'),(47,12,'51006194AE'),(47,13,'51006195AF'),(47,14,'51006092AK'),(47,15,'51006102AE'),(47,17,'51006012AD'),(48,1,'3587079AA / EEE11466'),(48,2,'3586222AB / EEE11484 - A'),(48,3,'3599412AB / EEE11467'),(48,4,'51006191AJ'),(48,5,'51006192ED'),(48,6,'3580275AC / EEE11460'),(48,7,'3580275BG / EEE11461'),(48,8,'51006015AK'),(48,9,'51006202AC'),(48,10,'51137518AC'),(48,12,'51006194AE'),(48,13,'51006195AF'),(48,14,'51006092AK'),(48,15,'51006102AE'),(48,17,'51006012AD'),(49,1,'3587079AA / EEE11466'),(49,2,'3586222SB / EEE11482-Inter'),(49,3,'3599412AB / EEE11467'),(49,4,'51006191AJ'),(49,5,'51006192ED'),(49,6,'3580275AC / EEE11460'),(49,7,'3580275BG / EEE11461'),(49,8,'51006015AK'),(49,9,'51006202AC'),(49,10,'51137518AC'),(49,12,'51006194AE'),(49,13,'51006195AF'),(49,14,'51006092AK'),(49,15,'51006102AE'),(49,17,'51006012AD'),(50,1,'3587079AA / EEE11466'),(50,2,'3586222SB / EEE11482-Inter;3586222AB / EEE11484 - A'),(50,3,'3599412AB / EEE11467'),(50,4,'51006191AJ'),(50,5,'51006192DE'),(50,6,'3580275AC / EEE11460'),(50,7,'3580275BG / EEE11461'),(50,8,'51006015AK'),(50,9,'51006202AC'),(50,10,'51137518AC'),(50,12,'51006194AE'),(50,13,'51006195AF'),(50,14,'51006092AK'),(50,15,'51006102AE'),(50,17,'51006012AD');
/*!40000 ALTER TABLE `bom` ENABLE KEYS */;
UNLOCK TABLES;

--
-- Table structure for table `operator`
--

DROP TABLE IF EXISTS `operator`;
/*!40101 SET @saved_cs_client     = @@character_set_client */;
/*!50503 SET character_set_client = utf8mb4 */;
CREATE TABLE `operator` (
  `id` int NOT NULL AUTO_INCREMENT,
  `name` text,
  PRIMARY KEY (`id`)
) ENGINE=InnoDB AUTO_INCREMENT=101 DEFAULT CHARSET=utf8mb4 COLLATE=utf8mb4_0900_ai_ci;
/*!40101 SET character_set_client = @saved_cs_client */;

--
-- Dumping data for table `operator`
--

LOCK TABLES `operator` WRITE;
/*!40000 ALTER TABLE `operator` DISABLE KEYS */;
INSERT INTO `operator` VALUES (1,'Máté Nikolett'),(2,'Jakabfy Alexandra'),(3,'Jancsi Viktória'),(4,'Bertókné Andrea'),(5,'Sütő Ibolya'),(6,'Dobai-Bedi Timea'),(7,'Doktorne Sabjan Monika'),(8,'Bogdán Veronika'),(9,'Hemera Monika'),(11,'Jancsi Viktoria'),(12,'Kalanyos Eva'),(14,'Morocz Csabane'),(15,'Polgar Veronika'),(16,'Rosta Melinda'),(17,'Suto Ibolya'),(18,'Szabo Ivett'),(19,'Szabo Tunde'),(20,'Szabo Zsofia Judit'),(21,'Zsoldos Alexandra Eliza'),(22,'Horvath Nikolett'),(23,'Kaman Beata Katalin'),(24,'Horvath Norbert Janos'),(25,'Mészáros Tibor'),(26,'Lugosi Barbara'),(27,'Tóth Katalin'),(28,'Kovács Tibor'),(29,'Lődri Csilla'),(30,'Horváth Mónika I.'),(31,'Horváth Mónika II.'),(32,'Wigand Edit'),(33,'Horváth Noémi'),(98,'Betanuló'),(99,'Üres');
/*!40000 ALTER TABLE `operator` ENABLE KEYS */;
UNLOCK TABLES;

--
-- Table structure for table `part_types`
--

DROP TABLE IF EXISTS `part_types`;
/*!40101 SET @saved_cs_client     = @@character_set_client */;
/*!50503 SET character_set_client = utf8mb4 */;
CREATE TABLE `part_types` (
  `id` int NOT NULL AUTO_INCREMENT,
  `name` text,
  PRIMARY KEY (`id`)
) ENGINE=InnoDB AUTO_INCREMENT=18 DEFAULT CHARSET=utf8mb4 COLLATE=utf8mb4_0900_ai_ci;
/*!40101 SET character_set_client = @saved_cs_client */;

--
-- Dumping data for table `part_types`
--

LOCK TABLES `part_types` WRITE;
/*!40000 ALTER TABLE `part_types` DISABLE KEYS */;
INSERT INTO `part_types` VALUES (1,'Mágneses'),(2,'Termikus'),(3,'Alsó doboz'),(4,'Mágneses beállító'),(5,'Mágneses beállító rugó'),(6,'Vezérlőkar UNI'),(7,'Vezérlőkar fekete'),(8,'Kapocs'),(9,'Szegecs'),(10,'Fedő'),(11,'Szorító'),(12,'Központi szegecs'),(13,'Központi csavar'),(14,'Vezérlőkar összekötő'),(15,'Vezérlőkar összekötő csavar'),(16,'Központozó gyűrű'),(17,'Csatlórúd');
/*!40000 ALTER TABLE `part_types` ENABLE KEYS */;
UNLOCK TABLES;

--
-- Table structure for table `products`
--

DROP TABLE IF EXISTS `products`;
/*!40101 SET @saved_cs_client     = @@character_set_client */;
/*!50503 SET character_set_client = utf8mb4 */;
CREATE TABLE `products` (
  `id` int NOT NULL AUTO_INCREMENT,
  `name` text,
  `ref` text,
  PRIMARY KEY (`id`)
) ENGINE=InnoDB AUTO_INCREMENT=51 DEFAULT CHARSET=utf8mb4 COLLATE=utf8mb4_0900_ai_ci;
/*!40101 SET character_set_client = @saved_cs_client */;

--
-- Dumping data for table `products`
--

LOCK TABLES `products` WRITE;
/*!40000 ALTER TABLE `products` DISABLE KEYS */;
INSERT INTO `products` VALUES (1,'10A C UNI / 1 Pólus','3599424KA'),(2,'63A B UNI / 1 Pólus','3599434SA'),(3,'63A C UNI / 1 Pólus','3599424CA'),(4,'63A D UNI / 1 Pólus','3599424EA'),(5,'80A B UNI / 1 Pólus','3599434UA'),(6,'80A C UNI / 1 Pólus','3599443AA'),(7,'80A D UNI / 1 Pólus','3599441EA'),(8,'10A C BIP / 2P','3599424DA'),(9,'63A B BIP / 2P','3599424FA'),(10,'63A C BIP / 2P','3599442DA'),(11,'63A D BIP / 2P','3599434NA'),(12,'63A INTER BIP / 2P','3599434YA'),(13,'80A B BIP / 2P','3599441CA'),(14,'80A C BIP / 2P','3599441UA'),(15,'80A D BIP / 2P','3599422LA'),(16,'80A INTER BIP / 2P','3599422VA'),(17,'63A B TRI / 3P','3599433LA'),(18,'63A C TRI / 3P','3599432DA'),(19,'63A D TRI / 3P','3599433JA'),(20,'63A INTER TRI / 3P','3599438DA'),(21,'80A B TRI / 3P','3599420JA'),(22,'80A C TRI / 3P','3599417NA'),(23,'80A D TRI / 3P','3599417TA'),(24,'80A INTER TRI / 3P','3599420MA'),(25,'100A B TRI / 3P','3599417JA'),(26,'100A C TRI / 3P','3599417BA'),(27,'100A D TRI / 3P','3599417LA'),(28,'100A INTER TRI / 3P','3599420TA'),(29,'125A B TRI / 3P','3599417HA'),(30,'125A C TRI / 3P','3599417RA'),(31,'125A D TRI / 3P','3599417EA'),(32,'125A INTER TRI / 3P','3599417ZA'),(33,'63A B TETRA / 4P','3599442KA'),(34,'63A C TETRA / 4P','3599432NA'),(35,'63A D TETRA / 4P','3599442HA'),(36,'63A INTER TRI+N / 4P','3599438BA'),(37,'80A B TETRA / 4P','3599420GA'),(38,'80A C TETRA / 4P','3599420CA'),(39,'80A D TETRA / 4P','3599420FA'),(40,'80-100A INTER TRI+N','3599423MA'),(41,'80A NS C INTER TRI+N','3599420BA'),(42,'100A B TETRA / 4P','3599417UA'),(43,'100A C TETRA / 4P','3599417CA'),(44,'100A D TETRA / 4P','3599415HA'),(45,'100A NS C INTER TRI+N','3599402CA'),(46,'125A B TETRA / 4P','3599415FA'),(47,'125A C TETRA / 4P','3599415BA'),(48,'125A D TETRA / 4P','3599415CA'),(49,'125A INTER TRI+N','3599423JA'),(50,'125A NS C INTER TRI+N','3599402BA');
/*!40000 ALTER TABLE `products` ENABLE KEYS */;
UNLOCK TABLES;

--
-- Table structure for table `timestamps`
--

DROP TABLE IF EXISTS `timestamps`;
/*!40101 SET @saved_cs_client     = @@character_set_client */;
/*!50503 SET character_set_client = utf8mb4 */;
CREATE TABLE `timestamps` (
  `prod_id` int NOT NULL,
  `time` datetime NOT NULL DEFAULT CURRENT_TIMESTAMP,
  `operator` int DEFAULT NULL,
  `vezkar` int DEFAULT NULL,
  `kozpont` int DEFAULT NULL,
  `csomag` int DEFAULT NULL,
  `op-1` int DEFAULT NULL,
  `op-2` int DEFAULT NULL,
  `op-3` int DEFAULT NULL,
  `op-4` int DEFAULT NULL,
  `op-5` int DEFAULT NULL,
  `op-6` int DEFAULT NULL,
  `op-7` int DEFAULT NULL,
  `op-8` int DEFAULT NULL,
  `op-9` int DEFAULT NULL,
  `op-10` int DEFAULT NULL
) ENGINE=InnoDB DEFAULT CHARSET=utf8mb4 COLLATE=utf8mb4_0900_ai_ci;
/*!40101 SET character_set_client = @saved_cs_client */;

--
-- Dumping data for table `timestamps`
--

LOCK TABLES `timestamps` WRITE;
/*!40000 ALTER TABLE `timestamps` DISABLE KEYS */;
INSERT INTO `timestamps` VALUES (1,'2022-05-17 07:26:38',1,NULL,NULL,NULL,NULL,NULL,NULL,NULL,NULL,NULL,NULL,NULL,NULL,NULL),(30,'2022-07-11 10:27:52',1,NULL,NULL,NULL,NULL,NULL,NULL,NULL,NULL,NULL,NULL,NULL,NULL,NULL),(30,'2022-07-11 12:01:50',1,NULL,NULL,NULL,NULL,NULL,NULL,NULL,NULL,NULL,NULL,NULL,NULL,NULL),(30,'2022-07-11 13:54:03',1,NULL,NULL,NULL,NULL,NULL,NULL,NULL,NULL,NULL,NULL,NULL,NULL,NULL),(30,'2022-07-11 17:14:36',1,NULL,NULL,NULL,NULL,NULL,NULL,NULL,NULL,NULL,NULL,NULL,NULL,NULL),(30,'2022-07-11 17:15:28',1,NULL,NULL,NULL,NULL,NULL,NULL,NULL,NULL,NULL,NULL,NULL,NULL,NULL),(30,'2022-07-11 18:52:20',1,NULL,NULL,NULL,NULL,NULL,NULL,NULL,NULL,NULL,NULL,NULL,NULL,NULL),(30,'2022-07-11 21:02:51',1,NULL,NULL,NULL,NULL,NULL,NULL,NULL,NULL,NULL,NULL,NULL,NULL,NULL),(30,'2022-07-12 05:57:32',1,NULL,NULL,NULL,NULL,NULL,NULL,NULL,NULL,NULL,NULL,NULL,NULL,NULL),(30,'2022-07-12 08:08:04',1,NULL,NULL,NULL,NULL,NULL,NULL,NULL,NULL,NULL,NULL,NULL,NULL,NULL),(30,'2022-07-12 10:09:53',5,NULL,NULL,NULL,NULL,NULL,NULL,NULL,NULL,NULL,NULL,NULL,NULL,NULL),(30,'2022-07-12 12:04:14',5,NULL,NULL,NULL,NULL,NULL,NULL,NULL,NULL,NULL,NULL,NULL,NULL,NULL),(30,'2022-07-12 14:00:28',1,NULL,NULL,NULL,NULL,NULL,NULL,NULL,NULL,NULL,NULL,NULL,NULL,NULL),(30,'2022-07-12 16:50:21',1,NULL,NULL,NULL,NULL,NULL,NULL,NULL,NULL,NULL,NULL,NULL,NULL,NULL),(30,'2022-07-12 19:10:18',1,NULL,NULL,NULL,NULL,NULL,NULL,NULL,NULL,NULL,NULL,NULL,NULL,NULL),(30,'2022-07-12 21:04:19',1,NULL,NULL,NULL,NULL,NULL,NULL,NULL,NULL,NULL,NULL,NULL,NULL,NULL),(30,'2022-07-13 06:02:49',5,NULL,NULL,NULL,NULL,NULL,NULL,NULL,NULL,NULL,NULL,NULL,NULL,NULL),(30,'2022-07-13 07:59:41',5,NULL,NULL,NULL,NULL,NULL,NULL,NULL,NULL,NULL,NULL,NULL,NULL,NULL),(30,'2022-07-13 10:00:17',5,NULL,NULL,NULL,NULL,NULL,NULL,NULL,NULL,NULL,NULL,NULL,NULL,NULL),(30,'2022-07-13 12:50:29',5,NULL,NULL,NULL,NULL,NULL,NULL,NULL,NULL,NULL,NULL,NULL,NULL,NULL),(30,'2022-07-13 14:18:17',1,NULL,NULL,NULL,NULL,NULL,NULL,NULL,NULL,NULL,NULL,NULL,NULL,NULL),(30,'2022-07-13 16:55:14',1,NULL,NULL,NULL,NULL,NULL,NULL,NULL,NULL,NULL,NULL,NULL,NULL,NULL),(30,'2022-07-13 18:43:22',1,NULL,NULL,NULL,NULL,NULL,NULL,NULL,NULL,NULL,NULL,NULL,NULL,NULL),(30,'2022-07-13 20:41:40',1,NULL,NULL,NULL,NULL,NULL,NULL,NULL,NULL,NULL,NULL,NULL,NULL,NULL),(30,'2022-07-14 06:31:15',5,NULL,NULL,NULL,NULL,NULL,NULL,NULL,NULL,NULL,NULL,NULL,NULL,NULL),(30,'2022-07-14 08:02:17',5,NULL,NULL,NULL,NULL,NULL,NULL,NULL,NULL,NULL,NULL,NULL,NULL,NULL),(30,'2022-07-14 10:01:22',5,NULL,NULL,NULL,NULL,NULL,NULL,NULL,NULL,NULL,NULL,NULL,NULL,NULL),(30,'2022-07-14 14:01:35',1,NULL,NULL,NULL,NULL,NULL,NULL,NULL,NULL,NULL,NULL,NULL,NULL,NULL),(1,'2022-07-14 14:35:08',1,NULL,NULL,NULL,NULL,NULL,NULL,NULL,NULL,NULL,NULL,NULL,NULL,NULL),(30,'2022-07-14 14:35:35',1,NULL,NULL,NULL,NULL,NULL,NULL,NULL,NULL,NULL,NULL,NULL,NULL,NULL),(30,'2022-07-14 14:39:14',1,NULL,NULL,NULL,NULL,NULL,NULL,NULL,NULL,NULL,NULL,NULL,NULL,NULL),(1,'2022-07-14 15:08:23',1,NULL,NULL,NULL,NULL,NULL,NULL,NULL,NULL,NULL,NULL,NULL,NULL,NULL),(30,'2022-07-14 15:08:56',1,NULL,NULL,NULL,NULL,NULL,NULL,NULL,NULL,NULL,NULL,NULL,NULL,NULL),(1,'2022-07-14 15:09:41',1,NULL,NULL,NULL,NULL,NULL,NULL,NULL,NULL,NULL,NULL,NULL,NULL,NULL),(30,'2022-07-14 15:10:07',1,NULL,NULL,NULL,NULL,NULL,NULL,NULL,NULL,NULL,NULL,NULL,NULL,NULL),(30,'2022-07-14 15:17:55',1,NULL,NULL,NULL,NULL,NULL,NULL,NULL,NULL,NULL,NULL,NULL,NULL,NULL),(30,'2022-07-14 16:44:14',1,NULL,NULL,NULL,NULL,NULL,NULL,NULL,NULL,NULL,NULL,NULL,NULL,NULL),(30,'2022-07-14 18:30:02',1,NULL,NULL,NULL,NULL,NULL,NULL,NULL,NULL,NULL,NULL,NULL,NULL,NULL),(30,'2022-07-15 06:01:02',5,NULL,NULL,NULL,NULL,NULL,NULL,NULL,NULL,NULL,NULL,NULL,NULL,NULL),(30,'2022-07-15 10:00:46',5,NULL,NULL,NULL,NULL,NULL,NULL,NULL,NULL,NULL,NULL,NULL,NULL,NULL),(30,'2022-07-15 12:00:34',5,NULL,NULL,NULL,NULL,NULL,NULL,NULL,NULL,NULL,NULL,NULL,NULL,NULL),(30,'2022-07-15 14:20:08',1,NULL,NULL,NULL,NULL,NULL,NULL,NULL,NULL,NULL,NULL,NULL,NULL,NULL),(30,'2022-07-15 16:32:25',1,NULL,NULL,NULL,NULL,NULL,NULL,NULL,NULL,NULL,NULL,NULL,NULL,NULL),(30,'2022-07-15 18:40:13',1,NULL,NULL,NULL,NULL,NULL,NULL,NULL,NULL,NULL,NULL,NULL,NULL,NULL),(1,'2022-07-15 19:56:36',1,NULL,NULL,NULL,NULL,NULL,NULL,NULL,NULL,NULL,NULL,NULL,NULL,NULL),(1,'2022-07-15 20:32:38',1,NULL,NULL,NULL,NULL,NULL,NULL,NULL,NULL,NULL,NULL,NULL,NULL,NULL),(1,'2022-07-18 09:28:44',1,NULL,NULL,NULL,NULL,NULL,NULL,NULL,NULL,NULL,NULL,NULL,NULL,NULL),(1,'2022-07-18 09:56:36',1,NULL,NULL,NULL,NULL,NULL,NULL,NULL,NULL,NULL,NULL,NULL,NULL,NULL),(1,'2022-07-18 10:57:12',1,NULL,NULL,NULL,NULL,NULL,NULL,NULL,NULL,NULL,NULL,NULL,NULL,NULL),(1,'2022-07-18 12:35:23',1,NULL,NULL,NULL,NULL,NULL,NULL,NULL,NULL,NULL,NULL,NULL,NULL,NULL),(1,'2022-07-18 14:06:53',5,NULL,NULL,NULL,NULL,NULL,NULL,NULL,NULL,NULL,NULL,NULL,NULL,NULL),(1,'2022-07-18 19:13:32',5,NULL,NULL,NULL,NULL,NULL,NULL,NULL,NULL,NULL,NULL,NULL,NULL,NULL),(1,'2022-07-18 21:04:27',5,NULL,NULL,NULL,NULL,NULL,NULL,NULL,NULL,NULL,NULL,NULL,NULL,NULL),(1,'2022-07-19 06:09:02',1,NULL,NULL,NULL,NULL,NULL,NULL,NULL,NULL,NULL,NULL,NULL,NULL,NULL),(1,'2022-07-19 08:55:19',1,NULL,NULL,NULL,NULL,NULL,NULL,NULL,NULL,NULL,NULL,NULL,NULL,NULL),(1,'2022-07-19 11:31:26',1,NULL,NULL,NULL,NULL,NULL,NULL,NULL,NULL,NULL,NULL,NULL,NULL,NULL),(30,'2022-07-19 12:28:03',1,NULL,NULL,NULL,NULL,NULL,NULL,NULL,NULL,NULL,NULL,NULL,NULL,NULL),(47,'2022-07-19 16:47:37',5,NULL,NULL,NULL,NULL,NULL,NULL,NULL,NULL,NULL,NULL,NULL,NULL,NULL),(47,'2022-07-19 18:01:15',5,NULL,NULL,NULL,NULL,NULL,NULL,NULL,NULL,NULL,NULL,NULL,NULL,NULL),(47,'2022-07-20 06:49:46',1,NULL,NULL,NULL,NULL,NULL,NULL,NULL,NULL,NULL,NULL,NULL,NULL,NULL),(47,'2022-07-20 08:44:45',1,NULL,NULL,NULL,NULL,NULL,NULL,NULL,NULL,NULL,NULL,NULL,NULL,NULL),(47,'2022-07-20 11:12:16',1,NULL,NULL,NULL,NULL,NULL,NULL,NULL,NULL,NULL,NULL,NULL,NULL,NULL),(47,'2022-07-20 12:37:17',1,NULL,NULL,NULL,NULL,NULL,NULL,NULL,NULL,NULL,NULL,NULL,NULL,NULL),(34,'2022-07-20 12:50:01',1,NULL,NULL,NULL,NULL,NULL,NULL,NULL,NULL,NULL,NULL,NULL,NULL,NULL),(34,'2022-07-20 14:08:43',5,NULL,NULL,NULL,NULL,NULL,NULL,NULL,NULL,NULL,NULL,NULL,NULL,NULL),(34,'2022-07-20 16:31:28',5,NULL,NULL,NULL,NULL,NULL,NULL,NULL,NULL,NULL,NULL,NULL,NULL,NULL),(34,'2022-07-20 17:56:52',5,NULL,NULL,NULL,NULL,NULL,NULL,NULL,NULL,NULL,NULL,NULL,NULL,NULL),(34,'2022-07-20 20:04:43',5,NULL,NULL,NULL,NULL,NULL,NULL,NULL,NULL,NULL,NULL,NULL,NULL,NULL),(8,'2022-07-20 21:05:36',5,NULL,NULL,NULL,NULL,NULL,NULL,NULL,NULL,NULL,NULL,NULL,NULL,NULL),(8,'2022-07-21 06:00:14',1,NULL,NULL,NULL,NULL,NULL,NULL,NULL,NULL,NULL,NULL,NULL,NULL,NULL),(8,'2022-07-21 08:30:58',1,NULL,NULL,NULL,NULL,NULL,NULL,NULL,NULL,NULL,NULL,NULL,NULL,NULL),(8,'2022-07-21 10:35:53',1,NULL,NULL,NULL,NULL,NULL,NULL,NULL,NULL,NULL,NULL,NULL,NULL,NULL),(8,'2022-07-21 13:56:43',5,NULL,NULL,NULL,NULL,NULL,NULL,NULL,NULL,NULL,NULL,NULL,NULL,NULL),(30,'2022-07-21 16:38:26',5,NULL,NULL,NULL,NULL,NULL,NULL,NULL,NULL,NULL,NULL,NULL,NULL,NULL),(30,'2022-07-21 20:10:19',5,NULL,NULL,NULL,NULL,NULL,NULL,NULL,NULL,NULL,NULL,NULL,NULL,NULL),(30,'2022-07-22 06:01:53',1,NULL,NULL,NULL,NULL,NULL,NULL,NULL,NULL,NULL,NULL,NULL,NULL,NULL),(30,'2022-07-22 09:05:29',1,NULL,NULL,NULL,NULL,NULL,NULL,NULL,NULL,NULL,NULL,NULL,NULL,NULL),(30,'2022-07-22 12:30:21',1,NULL,NULL,NULL,NULL,NULL,NULL,NULL,NULL,NULL,NULL,NULL,NULL,NULL),(30,'2022-07-22 13:25:53',1,NULL,NULL,NULL,NULL,NULL,NULL,NULL,NULL,NULL,NULL,NULL,NULL,NULL),(30,'2022-07-22 14:07:50',5,NULL,NULL,NULL,NULL,NULL,NULL,NULL,NULL,NULL,NULL,NULL,NULL,NULL),(30,'2022-07-22 16:49:53',5,NULL,NULL,NULL,NULL,NULL,NULL,NULL,NULL,NULL,NULL,NULL,NULL,NULL),(30,'2022-07-22 18:28:15',5,NULL,NULL,NULL,NULL,NULL,NULL,NULL,NULL,NULL,NULL,NULL,NULL,NULL),(30,'2022-07-22 20:01:08',5,NULL,NULL,NULL,NULL,NULL,NULL,NULL,NULL,NULL,NULL,NULL,NULL,NULL),(30,'2022-07-25 06:14:51',5,NULL,NULL,NULL,NULL,NULL,NULL,NULL,NULL,NULL,NULL,NULL,NULL,NULL),(30,'2022-07-25 08:29:55',5,NULL,NULL,NULL,NULL,NULL,NULL,NULL,NULL,NULL,NULL,NULL,NULL,NULL),(30,'2022-07-25 10:09:23',5,NULL,NULL,NULL,NULL,NULL,NULL,NULL,NULL,NULL,NULL,NULL,NULL,NULL),(30,'2022-07-25 12:45:59',5,NULL,NULL,NULL,NULL,NULL,NULL,NULL,NULL,NULL,NULL,NULL,NULL,NULL),(30,'2022-07-25 14:09:32',1,NULL,NULL,NULL,NULL,NULL,NULL,NULL,NULL,NULL,NULL,NULL,NULL,NULL),(30,'2022-07-25 17:14:52',1,NULL,NULL,NULL,NULL,NULL,NULL,NULL,NULL,NULL,NULL,NULL,NULL,NULL),(30,'2022-07-25 18:31:25',1,NULL,NULL,NULL,NULL,NULL,NULL,NULL,NULL,NULL,NULL,NULL,NULL,NULL),(30,'2022-07-25 20:34:03',1,NULL,NULL,NULL,NULL,NULL,NULL,NULL,NULL,NULL,NULL,NULL,NULL,NULL),(30,'2022-07-26 06:01:18',5,NULL,NULL,NULL,NULL,NULL,NULL,NULL,NULL,NULL,NULL,NULL,NULL,NULL),(30,'2022-07-26 08:36:17',5,NULL,NULL,NULL,NULL,NULL,NULL,NULL,NULL,NULL,NULL,NULL,NULL,NULL),(30,'2022-07-26 10:09:33',5,NULL,NULL,NULL,NULL,NULL,NULL,NULL,NULL,NULL,NULL,NULL,NULL,NULL),(30,'2022-07-26 12:02:58',5,NULL,NULL,NULL,NULL,NULL,NULL,NULL,NULL,NULL,NULL,NULL,NULL,NULL),(30,'2022-07-26 14:00:38',1,NULL,NULL,NULL,NULL,NULL,NULL,NULL,NULL,NULL,NULL,NULL,NULL,NULL),(30,'2022-07-26 16:33:39',1,NULL,NULL,NULL,NULL,NULL,NULL,NULL,NULL,NULL,NULL,NULL,NULL,NULL),(30,'2022-07-26 18:44:44',1,NULL,NULL,NULL,NULL,NULL,NULL,NULL,NULL,NULL,NULL,NULL,NULL,NULL),(30,'2022-07-26 20:48:54',1,NULL,NULL,NULL,NULL,NULL,NULL,NULL,NULL,NULL,NULL,NULL,NULL,NULL),(30,'2022-07-27 06:10:26',5,NULL,NULL,NULL,NULL,NULL,NULL,NULL,NULL,NULL,NULL,NULL,NULL,NULL),(30,'2022-07-27 07:58:16',5,NULL,NULL,NULL,NULL,NULL,NULL,NULL,NULL,NULL,NULL,NULL,NULL,NULL),(30,'2022-07-27 09:54:29',5,NULL,NULL,NULL,NULL,NULL,NULL,NULL,NULL,NULL,NULL,NULL,NULL,NULL),(30,'2022-07-27 12:03:21',5,NULL,NULL,NULL,NULL,NULL,NULL,NULL,NULL,NULL,NULL,NULL,NULL,NULL),(30,'2022-07-27 14:00:43',1,NULL,NULL,NULL,NULL,NULL,NULL,NULL,NULL,NULL,NULL,NULL,NULL,NULL),(30,'2022-07-27 16:36:15',1,NULL,NULL,NULL,NULL,NULL,NULL,NULL,NULL,NULL,NULL,NULL,NULL,NULL),(30,'2022-07-27 18:32:20',1,NULL,NULL,NULL,NULL,NULL,NULL,NULL,NULL,NULL,NULL,NULL,NULL,NULL),(30,'2022-07-27 20:42:13',1,NULL,NULL,NULL,NULL,NULL,NULL,NULL,NULL,NULL,NULL,NULL,NULL,NULL),(30,'2022-07-28 06:01:36',5,NULL,NULL,NULL,NULL,NULL,NULL,NULL,NULL,NULL,NULL,NULL,NULL,NULL),(30,'2022-07-28 08:09:30',5,NULL,NULL,NULL,NULL,NULL,NULL,NULL,NULL,NULL,NULL,NULL,NULL,NULL),(30,'2022-07-28 09:59:46',5,NULL,NULL,NULL,NULL,NULL,NULL,NULL,NULL,NULL,NULL,NULL,NULL,NULL),(30,'2022-07-28 11:57:50',5,NULL,NULL,NULL,NULL,NULL,NULL,NULL,NULL,NULL,NULL,NULL,NULL,NULL),(30,'2022-07-28 14:04:15',1,NULL,NULL,NULL,NULL,NULL,NULL,NULL,NULL,NULL,NULL,NULL,NULL,NULL),(30,'2022-07-28 17:04:45',1,NULL,NULL,NULL,NULL,NULL,NULL,NULL,NULL,NULL,NULL,NULL,NULL,NULL),(30,'2022-07-28 18:52:23',1,NULL,NULL,NULL,NULL,NULL,NULL,NULL,NULL,NULL,NULL,NULL,NULL,NULL),(30,'2022-07-28 20:54:36',1,NULL,NULL,NULL,NULL,NULL,NULL,NULL,NULL,NULL,NULL,NULL,NULL,NULL),(30,'2022-07-29 05:58:40',5,NULL,NULL,NULL,NULL,NULL,NULL,NULL,NULL,NULL,NULL,NULL,NULL,NULL),(30,'2022-07-29 08:09:52',5,NULL,NULL,NULL,NULL,NULL,NULL,NULL,NULL,NULL,NULL,NULL,NULL,NULL),(30,'2022-07-29 10:25:35',5,NULL,NULL,NULL,NULL,NULL,NULL,NULL,NULL,NULL,NULL,NULL,NULL,NULL),(30,'2022-07-29 12:21:44',5,NULL,NULL,NULL,NULL,NULL,NULL,NULL,NULL,NULL,NULL,NULL,NULL,NULL),(30,'2022-07-29 14:00:05',1,NULL,NULL,NULL,NULL,NULL,NULL,NULL,NULL,NULL,NULL,NULL,NULL,NULL),(30,'2022-07-29 16:58:06',1,NULL,NULL,NULL,NULL,NULL,NULL,NULL,NULL,NULL,NULL,NULL,NULL,NULL),(30,'2022-07-29 18:47:09',1,NULL,NULL,NULL,NULL,NULL,NULL,NULL,NULL,NULL,NULL,NULL,NULL,NULL),(38,'2022-08-01 08:02:17',1,NULL,NULL,NULL,NULL,NULL,NULL,NULL,NULL,NULL,NULL,NULL,NULL,NULL),(38,'2022-08-01 10:38:24',1,NULL,NULL,NULL,NULL,NULL,NULL,NULL,NULL,NULL,NULL,NULL,NULL,NULL),(30,'2022-08-01 12:25:44',1,NULL,NULL,NULL,NULL,NULL,NULL,NULL,NULL,NULL,NULL,NULL,NULL,NULL),(30,'2022-08-02 06:29:24',1,NULL,NULL,NULL,NULL,NULL,NULL,NULL,NULL,NULL,NULL,NULL,NULL,NULL),(38,'2022-08-02 08:53:34',1,NULL,NULL,NULL,NULL,NULL,NULL,NULL,NULL,NULL,NULL,NULL,NULL,NULL),(38,'2022-08-02 11:23:17',1,NULL,NULL,NULL,NULL,NULL,NULL,NULL,NULL,NULL,NULL,NULL,NULL,NULL),(38,'2022-08-02 12:31:00',1,NULL,NULL,NULL,NULL,NULL,NULL,NULL,NULL,NULL,NULL,NULL,NULL,NULL),(38,'2022-08-02 14:15:31',5,NULL,NULL,NULL,NULL,NULL,NULL,NULL,NULL,NULL,NULL,NULL,NULL,NULL),(43,'2022-08-02 14:31:41',5,NULL,NULL,NULL,NULL,NULL,NULL,NULL,NULL,NULL,NULL,NULL,NULL,NULL),(38,'2022-08-02 17:19:34',5,NULL,NULL,NULL,NULL,NULL,NULL,NULL,NULL,NULL,NULL,NULL,NULL,NULL),(38,'2022-08-02 18:40:15',5,NULL,NULL,NULL,NULL,NULL,NULL,NULL,NULL,NULL,NULL,NULL,NULL,NULL),(38,'2022-08-03 06:16:50',1,NULL,NULL,NULL,NULL,NULL,NULL,NULL,NULL,NULL,NULL,NULL,NULL,NULL),(38,'2022-08-03 08:32:44',1,NULL,NULL,NULL,NULL,NULL,NULL,NULL,NULL,NULL,NULL,NULL,NULL,NULL),(38,'2022-08-03 11:11:01',1,NULL,NULL,NULL,NULL,NULL,NULL,NULL,NULL,NULL,NULL,NULL,NULL,NULL),(43,'2022-08-03 14:00:25',5,NULL,NULL,NULL,NULL,NULL,NULL,NULL,NULL,NULL,NULL,NULL,NULL,NULL),(43,'2022-08-03 16:41:26',5,NULL,NULL,NULL,NULL,NULL,NULL,NULL,NULL,NULL,NULL,NULL,NULL,NULL),(43,'2022-08-03 18:37:11',5,NULL,NULL,NULL,NULL,NULL,NULL,NULL,NULL,NULL,NULL,NULL,NULL,NULL),(43,'2022-08-03 20:32:36',5,NULL,NULL,NULL,NULL,NULL,NULL,NULL,NULL,NULL,NULL,NULL,NULL,NULL),(43,'2022-08-04 06:41:37',1,NULL,NULL,NULL,NULL,NULL,NULL,NULL,NULL,NULL,NULL,NULL,NULL,NULL),(43,'2022-08-04 08:35:49',1,NULL,NULL,NULL,NULL,NULL,NULL,NULL,NULL,NULL,NULL,NULL,NULL,NULL),(43,'2022-08-04 11:04:57',1,NULL,NULL,NULL,NULL,NULL,NULL,NULL,NULL,NULL,NULL,NULL,NULL,NULL),(34,'2022-08-04 14:08:19',5,NULL,NULL,NULL,NULL,NULL,NULL,NULL,NULL,NULL,NULL,NULL,NULL,NULL),(34,'2022-08-04 16:09:51',5,NULL,NULL,NULL,NULL,NULL,NULL,NULL,NULL,NULL,NULL,NULL,NULL,NULL),(34,'2022-08-04 18:09:45',5,NULL,NULL,NULL,NULL,NULL,NULL,NULL,NULL,NULL,NULL,NULL,NULL,NULL),(34,'2022-08-04 19:56:41',5,NULL,NULL,NULL,NULL,NULL,NULL,NULL,NULL,NULL,NULL,NULL,NULL,NULL),(34,'2022-08-04 20:47:39',5,NULL,NULL,NULL,NULL,NULL,NULL,NULL,NULL,NULL,NULL,NULL,NULL,NULL),(34,'2022-08-05 06:45:55',1,NULL,NULL,NULL,NULL,NULL,NULL,NULL,NULL,NULL,NULL,NULL,NULL,NULL),(34,'2022-08-05 08:44:17',1,NULL,NULL,NULL,NULL,NULL,NULL,NULL,NULL,NULL,NULL,NULL,NULL,NULL),(34,'2022-08-05 10:24:16',1,NULL,NULL,NULL,NULL,NULL,NULL,NULL,NULL,NULL,NULL,NULL,NULL,NULL),(34,'2022-08-05 13:34:38',1,NULL,NULL,NULL,NULL,NULL,NULL,NULL,NULL,NULL,NULL,NULL,NULL,NULL),(34,'2022-08-08 06:04:36',5,NULL,NULL,NULL,NULL,NULL,NULL,NULL,NULL,NULL,NULL,NULL,NULL,NULL),(34,'2022-08-08 08:04:14',5,NULL,NULL,NULL,NULL,NULL,NULL,NULL,NULL,NULL,NULL,NULL,NULL,NULL),(34,'2022-08-08 10:09:08',5,NULL,NULL,NULL,NULL,NULL,NULL,NULL,NULL,NULL,NULL,NULL,NULL,NULL),(34,'2022-08-08 12:23:19',5,NULL,NULL,NULL,NULL,NULL,NULL,NULL,NULL,NULL,NULL,NULL,NULL,NULL),(34,'2022-08-08 14:11:38',1,NULL,NULL,NULL,NULL,NULL,NULL,NULL,NULL,NULL,NULL,NULL,NULL,NULL),(34,'2022-08-08 17:03:05',1,NULL,NULL,NULL,NULL,NULL,NULL,NULL,NULL,NULL,NULL,NULL,NULL,NULL),(34,'2022-08-08 18:52:10',1,NULL,NULL,NULL,NULL,NULL,NULL,NULL,NULL,NULL,NULL,NULL,NULL,NULL),(34,'2022-08-08 20:38:41',1,NULL,NULL,NULL,NULL,NULL,NULL,NULL,NULL,NULL,NULL,NULL,NULL,NULL),(34,'2022-08-09 05:58:02',5,NULL,NULL,NULL,NULL,NULL,NULL,NULL,NULL,NULL,NULL,NULL,NULL,NULL),(18,'2022-08-09 07:05:40',5,NULL,NULL,NULL,NULL,NULL,NULL,NULL,NULL,NULL,NULL,NULL,NULL,NULL),(18,'2022-08-09 07:54:59',5,NULL,NULL,NULL,NULL,NULL,NULL,NULL,NULL,NULL,NULL,NULL,NULL,NULL),(18,'2022-08-09 10:05:55',5,NULL,NULL,NULL,NULL,NULL,NULL,NULL,NULL,NULL,NULL,NULL,NULL,NULL),(18,'2022-08-09 12:04:05',5,NULL,NULL,NULL,NULL,NULL,NULL,NULL,NULL,NULL,NULL,NULL,NULL,NULL),(18,'2022-08-09 14:02:27',1,NULL,NULL,NULL,NULL,NULL,NULL,NULL,NULL,NULL,NULL,NULL,NULL,NULL),(38,'2022-08-09 14:47:10',1,NULL,NULL,NULL,NULL,NULL,NULL,NULL,NULL,NULL,NULL,NULL,NULL,NULL),(38,'2022-08-09 17:07:30',1,NULL,NULL,NULL,NULL,NULL,NULL,NULL,NULL,NULL,NULL,NULL,NULL,NULL),(38,'2022-08-09 18:48:14',1,NULL,NULL,NULL,NULL,NULL,NULL,NULL,NULL,NULL,NULL,NULL,NULL,NULL),(38,'2022-08-09 21:16:51',1,NULL,NULL,NULL,NULL,NULL,NULL,NULL,NULL,NULL,NULL,NULL,NULL,NULL),(38,'2022-08-10 05:53:43',5,NULL,NULL,NULL,NULL,NULL,NULL,NULL,NULL,NULL,NULL,NULL,NULL,NULL),(38,'2022-08-10 08:22:38',5,NULL,NULL,NULL,NULL,NULL,NULL,NULL,NULL,NULL,NULL,NULL,NULL,NULL),(38,'2022-08-10 10:43:15',5,NULL,NULL,NULL,NULL,NULL,NULL,NULL,NULL,NULL,NULL,NULL,NULL,NULL),(38,'2022-08-10 11:58:27',5,NULL,NULL,NULL,NULL,NULL,NULL,NULL,NULL,NULL,NULL,NULL,NULL,NULL),(43,'2022-08-10 15:39:22',1,NULL,NULL,NULL,NULL,NULL,NULL,NULL,NULL,NULL,NULL,NULL,NULL,NULL),(43,'2022-08-10 16:37:53',1,NULL,NULL,NULL,NULL,NULL,NULL,NULL,NULL,NULL,NULL,NULL,NULL,NULL),(43,'2022-08-10 18:37:46',1,NULL,NULL,NULL,NULL,NULL,NULL,NULL,NULL,NULL,NULL,NULL,NULL,NULL),(47,'2022-08-11 11:05:25',5,NULL,NULL,NULL,NULL,NULL,NULL,NULL,NULL,NULL,NULL,NULL,NULL,NULL),(38,'2022-08-11 12:24:07',5,NULL,NULL,NULL,NULL,NULL,NULL,NULL,NULL,NULL,NULL,NULL,NULL,NULL),(38,'2022-08-11 14:08:48',1,NULL,NULL,NULL,NULL,NULL,NULL,NULL,NULL,NULL,NULL,NULL,NULL,NULL),(38,'2022-08-11 16:50:07',1,NULL,NULL,NULL,NULL,NULL,NULL,NULL,NULL,NULL,NULL,NULL,NULL,NULL),(38,'2022-08-11 18:59:49',1,NULL,NULL,NULL,NULL,NULL,NULL,NULL,NULL,NULL,NULL,NULL,NULL,NULL),(38,'2022-08-11 20:35:29',1,NULL,NULL,NULL,NULL,NULL,NULL,NULL,NULL,NULL,NULL,NULL,NULL,NULL),(38,'2022-08-12 05:59:48',5,NULL,NULL,NULL,NULL,NULL,NULL,NULL,NULL,NULL,NULL,NULL,NULL,NULL),(47,'2022-08-12 08:27:22',5,NULL,NULL,NULL,NULL,NULL,NULL,NULL,NULL,NULL,NULL,NULL,NULL,NULL),(43,'2022-08-15 08:38:50',2,NULL,NULL,NULL,NULL,NULL,NULL,NULL,NULL,NULL,NULL,NULL,NULL,NULL),(43,'2022-08-15 13:20:48',2,NULL,NULL,NULL,NULL,NULL,NULL,NULL,NULL,NULL,NULL,NULL,NULL,NULL),(47,'2022-08-16 17:09:26',5,NULL,NULL,NULL,NULL,NULL,NULL,NULL,NULL,NULL,NULL,NULL,NULL,NULL),(47,'2022-08-17 06:04:38',2,NULL,NULL,NULL,NULL,NULL,NULL,NULL,NULL,NULL,NULL,NULL,NULL,NULL),(47,'2022-08-17 10:54:57',2,NULL,NULL,NULL,NULL,NULL,NULL,NULL,NULL,NULL,NULL,NULL,NULL,NULL),(47,'2022-08-18 08:38:11',2,NULL,NULL,NULL,NULL,NULL,NULL,NULL,NULL,NULL,NULL,NULL,NULL,NULL),(47,'2022-08-18 10:01:35',2,NULL,NULL,NULL,NULL,NULL,NULL,NULL,NULL,NULL,NULL,NULL,NULL,NULL),(49,'2022-08-19 08:04:11',2,NULL,NULL,NULL,NULL,NULL,NULL,NULL,NULL,NULL,NULL,NULL,NULL,NULL),(49,'2022-08-19 10:04:57',2,NULL,NULL,NULL,NULL,NULL,NULL,NULL,NULL,NULL,NULL,NULL,NULL,NULL),(49,'2022-08-19 11:06:26',2,NULL,NULL,NULL,NULL,NULL,NULL,NULL,NULL,NULL,NULL,NULL,NULL,NULL),(49,'2022-08-19 12:30:52',2,NULL,NULL,NULL,NULL,NULL,NULL,NULL,NULL,NULL,NULL,NULL,NULL,NULL),(49,'2022-08-22 07:28:21',5,NULL,NULL,NULL,NULL,NULL,NULL,NULL,NULL,NULL,NULL,NULL,NULL,NULL),(49,'2022-08-22 08:08:14',5,NULL,NULL,NULL,NULL,NULL,NULL,NULL,NULL,NULL,NULL,NULL,NULL,NULL),(49,'2022-08-22 10:22:33',5,NULL,NULL,NULL,NULL,NULL,NULL,NULL,NULL,NULL,NULL,NULL,NULL,NULL),(34,'2022-08-22 12:31:38',5,NULL,NULL,NULL,NULL,NULL,NULL,NULL,NULL,NULL,NULL,NULL,NULL,NULL),(34,'2022-08-22 14:05:33',2,NULL,NULL,NULL,NULL,NULL,NULL,NULL,NULL,NULL,NULL,NULL,NULL,NULL),(34,'2022-08-22 16:31:22',2,NULL,NULL,NULL,NULL,NULL,NULL,NULL,NULL,NULL,NULL,NULL,NULL,NULL),(34,'2022-08-22 18:32:50',2,NULL,NULL,NULL,NULL,NULL,NULL,NULL,NULL,NULL,NULL,NULL,NULL,NULL),(34,'2022-08-22 20:31:10',2,NULL,NULL,NULL,NULL,NULL,NULL,NULL,NULL,NULL,NULL,NULL,NULL,NULL),(34,'2022-08-23 06:07:13',5,NULL,NULL,NULL,NULL,NULL,NULL,NULL,NULL,NULL,NULL,NULL,NULL,NULL),(34,'2022-08-23 08:25:00',5,NULL,NULL,NULL,NULL,NULL,NULL,NULL,NULL,NULL,NULL,NULL,NULL,NULL),(34,'2022-08-23 09:58:22',5,NULL,NULL,NULL,NULL,NULL,NULL,NULL,NULL,NULL,NULL,NULL,NULL,NULL),(34,'2022-08-23 12:14:36',5,NULL,NULL,NULL,NULL,NULL,NULL,NULL,NULL,NULL,NULL,NULL,NULL,NULL),(34,'2022-08-23 14:14:22',2,NULL,NULL,NULL,NULL,NULL,NULL,NULL,NULL,NULL,NULL,NULL,NULL,NULL),(34,'2022-08-23 16:30:12',2,NULL,NULL,NULL,NULL,NULL,NULL,NULL,NULL,NULL,NULL,NULL,NULL,NULL),(34,'2022-08-23 18:34:46',2,NULL,NULL,NULL,NULL,NULL,NULL,NULL,NULL,NULL,NULL,NULL,NULL,NULL),(34,'2022-08-23 20:26:01',2,NULL,NULL,NULL,NULL,NULL,NULL,NULL,NULL,NULL,NULL,NULL,NULL,NULL),(26,'2022-08-23 20:55:59',2,NULL,NULL,NULL,NULL,NULL,NULL,NULL,NULL,NULL,NULL,NULL,NULL,NULL),(26,'2022-08-24 06:05:25',5,NULL,NULL,NULL,NULL,NULL,NULL,NULL,NULL,NULL,NULL,NULL,NULL,NULL),(26,'2022-08-24 08:05:46',5,NULL,NULL,NULL,NULL,NULL,NULL,NULL,NULL,NULL,NULL,NULL,NULL,NULL),(26,'2022-08-24 10:03:25',5,NULL,NULL,NULL,NULL,NULL,NULL,NULL,NULL,NULL,NULL,NULL,NULL,NULL),(22,'2022-08-24 11:12:35',5,NULL,NULL,NULL,NULL,NULL,NULL,NULL,NULL,NULL,NULL,NULL,NULL,NULL),(22,'2022-08-24 12:08:51',5,NULL,NULL,NULL,NULL,NULL,NULL,NULL,NULL,NULL,NULL,NULL,NULL,NULL),(22,'2022-08-24 13:59:47',2,NULL,NULL,NULL,NULL,NULL,NULL,NULL,NULL,NULL,NULL,NULL,NULL,NULL),(22,'2022-08-24 16:35:02',2,NULL,NULL,NULL,NULL,NULL,NULL,NULL,NULL,NULL,NULL,NULL,NULL,NULL),(8,'2022-08-24 18:27:06',2,NULL,NULL,NULL,NULL,NULL,NULL,NULL,NULL,NULL,NULL,NULL,NULL,NULL),(8,'2022-08-24 20:27:12',2,NULL,NULL,NULL,NULL,NULL,NULL,NULL,NULL,NULL,NULL,NULL,NULL,NULL),(8,'2022-08-25 08:03:44',5,NULL,NULL,NULL,NULL,NULL,NULL,NULL,NULL,NULL,NULL,NULL,NULL,NULL),(8,'2022-08-25 09:58:07',5,NULL,NULL,NULL,NULL,NULL,NULL,NULL,NULL,NULL,NULL,NULL,NULL,NULL),(8,'2022-08-25 12:07:50',5,NULL,NULL,NULL,NULL,NULL,NULL,NULL,NULL,NULL,NULL,NULL,NULL,NULL),(8,'2022-08-25 14:00:11',2,NULL,NULL,NULL,NULL,NULL,NULL,NULL,NULL,NULL,NULL,NULL,NULL,NULL),(38,'2022-08-25 16:27:38',2,NULL,NULL,NULL,NULL,NULL,NULL,NULL,NULL,NULL,NULL,NULL,NULL,NULL),(38,'2022-08-25 18:27:42',2,NULL,NULL,NULL,NULL,NULL,NULL,NULL,NULL,NULL,NULL,NULL,NULL,NULL),(38,'2022-08-25 20:34:07',2,NULL,NULL,NULL,NULL,NULL,NULL,NULL,NULL,NULL,NULL,NULL,NULL,NULL),(38,'2022-08-26 06:10:44',5,NULL,NULL,NULL,NULL,NULL,NULL,NULL,NULL,NULL,NULL,NULL,NULL,NULL),(18,'2022-08-26 07:16:52',5,NULL,NULL,NULL,NULL,NULL,NULL,NULL,NULL,NULL,NULL,NULL,NULL,NULL),(18,'2022-08-26 14:28:13',2,14,1,1,14,1,15,1,1,1,1,1,1,1),(1,'2022-08-26 16:32:20',2,2,2,10,14,1,15,1,1,2,2,14,2,15),(1,'2022-08-26 17:43:41',2,2,2,10,1,1,1,1,1,15,2,2,14,2),(1,'2022-08-26 18:36:59',2,2,2,10,1,1,1,1,1,2,15,2,14,2),(38,'2022-08-26 20:13:03',2,2,2,10,2,14,2,15,2,1,1,1,1,1),(38,'2022-08-29 07:18:43',1,3,2,2,4,3,3,11,11,1,1,1,1,1),(18,'2022-08-29 08:41:05',1,2,2,2,3,3,3,11,11,1,1,1,1,1),(18,'2022-08-29 11:53:35',1,2,2,2,3,3,3,11,11,1,1,1,1,1),(18,'2022-08-29 12:27:57',1,2,2,2,3,3,3,11,11,1,1,1,1,1),(18,'2022-08-29 15:03:04',4,1,1,23,19,1,1,7,18,1,1,1,1,1),(18,'2022-08-29 16:08:24',4,22,23,22,18,19,1,1,7,1,1,1,1,1),(43,'2022-08-30 17:05:26',5,22,22,22,19,1,1,1,7,1,1,1,1,1),(43,'2022-08-30 19:13:03',5,22,22,17,7,19,1,1,1,1,1,1,1,1),(43,'2022-08-31 06:40:44',2,14,10,10,14,8,26,11,25,1,1,1,1,1),(22,'2022-09-05 07:09:40',17,1,1,1,1,24,23,19,7,1,1,1,1,1),(22,'2022-09-05 08:28:18',17,1,1,1,7,1,24,23,19,1,1,1,1,1),(34,'2022-09-07 11:49:02',5,1,1,1,1,23,22,24,7,1,1,1,1,1),(34,'2022-09-07 13:07:09',5,1,1,1,1,23,22,7,24,1,1,1,1,1),(34,'2022-09-07 14:09:41',1,1,1,1,2,15,14,26,8,1,1,1,1,1),(34,'2022-09-07 15:25:24',1,28,28,28,98,3,15,14,26,99,99,99,99,99),(34,'2022-09-07 17:16:46',1,28,28,28,14,26,98,2,15,99,99,99,99,99),(34,'2022-09-07 18:33:30',1,28,28,28,15,14,26,98,2,99,99,99,99,99),(34,'2022-09-07 20:36:12',1,28,28,28,98,2,15,14,26,99,99,99,99,99),(34,'2022-09-08 06:24:49',17,1,22,1,7,1,18,23,18,1,1,1,1,1),(34,'2022-09-08 08:26:49',17,22,22,22,18,7,1,1,23,1,1,1,1,1),(34,'2022-09-08 10:36:37',5,22,22,22,23,18,7,1,1,1,1,1,1,1),(34,'2022-09-08 12:06:35',5,29,29,22,30,23,18,7,31,1,1,1,1,1),(34,'2022-09-08 14:27:36',1,28,28,28,2,15,14,26,98,99,99,99,99,99),(34,'2022-09-08 17:17:41',1,28,28,28,14,26,98,2,15,99,99,99,99,99),(34,'2022-09-08 19:20:07',1,28,28,28,2,15,14,26,98,99,99,99,99,99),(34,'2022-09-08 21:03:56',1,28,28,28,98,2,15,14,26,99,99,99,99,99),(34,'2022-09-09 06:00:58',17,29,22,22,30,18,24,23,7,1,1,1,1,1),(34,'2022-09-09 08:45:51',5,29,22,5,8,30,18,24,23,1,1,1,1,1),(34,'2022-09-09 10:25:26',17,22,29,29,23,7,30,18,24,1,1,1,1,1),(34,'2022-09-09 12:25:14',5,29,29,22,18,23,7,30,30,1,1,1,1,1),(34,'2022-09-09 15:31:21',1,28,28,28,99,99,99,99,99,99,99,99,99,99),(1,'2022-09-12 19:07:33',4,22,24,1,23,7,19,9,9,23,7,19,9,9),(1,'2022-09-12 21:27:59',4,22,24,1,23,7,19,9,9,9,23,7,19,19),(38,'2022-09-13 13:20:11',1,28,28,28,98,14,15,21,2,99,99,99,99,99),(38,'2022-09-13 16:54:41',4,22,22,29,19,24,23,9,99,1,1,1,1,1),(38,'2022-09-13 16:56:32',4,22,22,29,99,19,24,23,9,1,1,1,1,1),(38,'2022-09-13 19:01:00',4,29,29,22,9,99,19,24,23,1,1,1,1,1),(38,'2022-09-13 20:58:04',4,22,29,29,23,9,99,19,24,1,1,1,1,1),(38,'2022-09-14 06:01:04',1,29,28,28,15,27,26,98,99,1,1,1,1,1),(38,'2022-09-14 10:43:40',1,28,28,28,26,98,15,98,27,99,99,99,99,99),(38,'2022-09-14 12:49:13',1,28,28,28,98,27,26,98,15,99,99,99,99,99),(38,'2022-09-14 16:52:53',4,29,22,22,23,19,9,24,99,99,99,99,99,99),(38,'2022-09-14 18:30:12',4,29,22,22,99,23,19,11,24,99,99,99,99,99),(1,'2022-09-14 20:31:41',4,22,29,29,1,1,1,1,1,9,99,23,19,24),(1,'2022-09-15 06:01:53',1,28,28,28,99,99,99,99,99,16,27,98,2,27),(1,'2022-09-15 08:41:26',1,28,28,28,99,99,99,99,99,2,26,15,27,98),(43,'2022-09-15 10:45:09',1,28,28,28,27,98,2,26,15,99,99,99,99,99),(43,'2022-09-15 12:28:03',1,28,28,28,26,15,27,98,2,99,99,99,99,99),(43,'2022-09-15 14:04:20',17,29,22,22,1,23,9,99,24,1,1,1,1,1),(43,'2022-09-15 16:46:31',17,22,22,29,99,98,23,9,24,1,1,1,1,1),(47,'2022-09-15 18:59:07',17,29,29,22,11,99,98,23,24,1,1,1,1,1),(47,'2022-09-15 20:28:09',17,29,29,29,9,24,99,98,23,1,1,1,1,1),(47,'2022-09-16 06:54:58',1,8,28,28,8,27,2,12,15,99,99,99,99,99),(47,'2022-09-16 09:03:17',1,28,28,28,2,3,15,98,27,99,99,99,99,99),(30,'2022-09-16 11:54:46',1,99,99,99,98,27,2,11,15,99,99,99,99,99),(30,'2022-09-16 14:10:55',17,1,1,1,98,99,9,18,24,1,1,1,1,1),(30,'2022-09-16 16:26:16',17,23,24,24,9,30,99,18,98,1,1,1,1,1),(30,'2022-09-16 18:23:15',5,23,24,24,98,9,30,99,7,1,1,1,1,1),(30,'2022-09-19 06:15:44',17,23,24,24,30,9,29,98,31,1,1,1,1,1),(30,'2022-09-19 08:23:15',17,29,9,9,31,30,23,24,98,1,1,1,1,1),(30,'2022-09-19 10:24:42',6,23,24,24,98,31,30,9,29,1,1,1,1,1),(30,'2022-09-19 12:25:24',5,29,9,9,23,98,31,30,24,1,1,1,1,1),(30,'2022-09-19 14:58:24',1,28,3,3,15,14,26,98,27,99,99,99,99,99),(30,'2022-09-19 17:02:26',1,3,28,28,26,98,27,14,15,99,99,99,99,99),(30,'2022-09-19 20:43:22',1,3,28,28,27,15,14,26,98,99,99,99,99,99),(30,'2022-09-20 14:25:23',1,11,28,3,15,26,14,98,27,99,99,99,1,99),(30,'2022-09-20 17:06:26',1,28,11,28,14,98,27,15,26,99,99,99,99,99),(30,'2022-09-20 19:01:07',1,11,28,3,26,14,98,27,15,99,99,99,99,99),(30,'2022-09-20 20:40:24',1,11,28,3,27,15,26,14,98,99,99,99,99,99),(30,'2022-09-21 07:10:46',6,29,22,9,98,31,30,18,23,1,1,1,1,1),(30,'2022-09-21 08:30:36',5,23,18,22,29,98,31,30,9,1,1,1,1,1),(30,'2022-09-21 10:24:47',5,18,9,29,23,22,98,31,30,1,1,1,1,1),(30,'2022-09-21 12:24:03',17,29,22,23,30,31,9,98,18,1,1,1,1,1),(30,'2022-09-21 14:13:12',1,28,24,3,15,14,26,2,98,99,99,99,99,99),(34,'2022-09-21 15:21:31',1,28,24,3,15,14,26,2,98,99,99,99,99,99),(34,'2022-09-21 16:45:25',1,3,28,24,2,98,15,14,26,99,99,99,99,99),(34,'2022-09-21 20:53:12',1,24,3,28,98,15,14,26,2,99,99,99,99,99),(34,'2022-09-22 08:49:43',5,22,1,1,30,98,98,98,31,98,18,98,98,29);
/*!40000 ALTER TABLE `timestamps` ENABLE KEYS */;
UNLOCK TABLES;
/*!40103 SET TIME_ZONE=@OLD_TIME_ZONE */;

/*!40101 SET SQL_MODE=@OLD_SQL_MODE */;
/*!40014 SET FOREIGN_KEY_CHECKS=@OLD_FOREIGN_KEY_CHECKS */;
/*!40014 SET UNIQUE_CHECKS=@OLD_UNIQUE_CHECKS */;
/*!40101 SET CHARACTER_SET_CLIENT=@OLD_CHARACTER_SET_CLIENT */;
/*!40101 SET CHARACTER_SET_RESULTS=@OLD_CHARACTER_SET_RESULTS */;
/*!40101 SET COLLATION_CONNECTION=@OLD_COLLATION_CONNECTION */;
/*!40111 SET SQL_NOTES=@OLD_SQL_NOTES */;

-- Dump completed on 2022-09-22  8:55:47
